,Incident Date,State,City Or County,Address,# Killed,# Injured,Operations,Date
0,12/31/14,California,Los Angeles,81st Street and Western Avenue,1,3,0.0,2014-12-31
1,12/29/14,Louisiana,New Orleans,Poydras and Bolivar,0,4,0.0,2014-12-29
2,12/27/14,California,Los Angeles,8800 block of South Figueroa Street,1,3,0.0,2014-12-27
3,12/27/14,California,Sacramento,4000 block of May Street,0,4,0.0,2014-12-27
4,12/26/14,Illinois,East St. Louis,2500 block of Summit Avenue,1,3,0.0,2014-12-26
5,12/24/14,Missouri,Saint Louis,18th and Pine,1,3,0.0,2014-12-24
6,12/23/14,Kentucky,Winchester,260 Oxford Drive,1,3,0.0,2014-12-23
7,12/22/14,Michigan,Detroit,Charlevoix and Philip,1,3,0.0,2014-12-22
8,12/22/14,New York,Webster,191 Lake Road,4,2,0.0,2014-12-22
9,12/22/14,Illinois,Chicago,5700 block of South Green Street,0,5,0.0,2014-12-22
10,12/21/14,Florida,Sarasota,4034 N Washington Blvd,2,2,0.0,2014-12-21
11,12/21/14,Mississippi,Waynesboro,Central Avenue,1,4,0.0,2014-12-21
12,12/21/14,Illinois,Calumet City,600 block of Escanba,1,8,0.0,2014-12-21
13,12/20/14,Illinois,Rockford,3200 block of Montrose Avenue,4,0,0.0,2014-12-20
14,12/16/14,New Jersey,Elizabeth,Anna Street,0,4,0.0,2014-12-16
15,12/15/14,Pennsylvania,Lansdale,100 block of West 5th St,7,0,0.0,2014-12-15
16,12/14/14,Florida,Miami,1311 Northwest 2nd Avenue,1,4,0.0,2014-12-14
17,12/13/14,Florida,Tampa,810 E. Skagway Ave.,0,5,0.0,2014-12-13
18,12/12/14,Oregon,Portland,717 North Killingsworth Court,0,4,0.0,2014-12-12
19,12/7/14,Indiana,South Bend,16000 block of Roosevelt Road,0,4,0.0,2014-12-07
20,12/2/14,Missouri,Saint Louis,6000 block of Virginia Avenue,1,5,0.0,2014-12-02
21,12/2/14,Virginia,Newport News,6128 Jefferson Ave ,0,5,0.0,2014-12-02
22,11/30/14,New York,Brooklyn,375 Remsen Avenue,0,4,0.0,2014-11-30
23,11/30/14,Tennessee,Chattanooga,2412 East 13th Street ,0,5,0.0,2014-11-30
24,11/29/14,Georgia,Atlanta,1600 block of Richmond Avenue,3,2,0.0,2014-11-29
25,11/29/14,New Jersey,Newark,348 S Orange Ave,1,3,0.0,2014-11-29
26,11/28/14,Tennessee,Memphis,1849 East Brooks Road ,0,4,0.0,2014-11-28
27,11/27/14,Texas,Georgetown,Pvt Rd 934,2,3,0.0,2014-11-27
28,11/26/14,California,San Francisco,Mission and 13th streets,0,6,0.0,2014-11-26
29,11/23/14,Virginia,Accomack County,Parksley Road,0,4,0.0,2014-11-23
30,11/23/14,Colorado,Denver,Federal Boulevard and 16th Avenue,1,4,0.0,2014-11-23
31,11/22/14,Ohio,Cleveland,1443 E 92nd St,4,1,0.0,2014-11-22
32,11/22/14,South Dakota,Sisseton,Fourth Avenue,4,1,0.0,2014-11-22
33,11/22/14,Ohio,Springfield,Clifton Avenue and Rice Street,1,3,0.0,2014-11-22
34,11/21/14,Pennsylvania,Pittsburgh,600 block of Miller Avenue,0,6,0.0,2014-11-21
35,11/19/14,Illinois,Chicago,700 block of North St. Louis Avenue,1,3,0.0,2014-11-19
36,11/18/14,Nevada,North Las Vegas,Englestad Street,0,4,0.0,2014-11-18
37,11/16/14,Ohio,Akron,1891 East Market Street,1,4,0.0,2014-11-16
38,11/16/14,Texas,El Paso,115 S. Durango,0,6,0.0,2014-11-16
39,11/15/14,Missouri,Springfield,2555 N. Glenstone,4,0,0.0,2014-11-15
40,11/15/14,Florida,Miami,NW 55th and 12th,1,3,0.0,2014-11-15
41,11/8/14,California,Pomona,499 E. Arrow Highway,0,5,0.0,2014-11-08
42,11/7/14,California,Compton,136th Street ,0,4,0.0,2014-11-07
43,11/7/14,California,Los Angeles,East 126th Street and North Compton Avenue,0,4,0.0,2014-11-07
44,11/5/14,California,San Francisco,1100 block of Alabama Street ,0,4,0.0,2014-11-05
45,10/29/14,Tennessee,Memphis,Yale Road and Ramill Road,0,5,0.0,2014-10-29
46,10/26/14,Kentucky,Cadiz,1410 Old Dover Road,4,0,0.0,2014-10-26
47,10/24/14,Washington,Marysville,5611 108th St NE,5,1,0.0,2014-10-24
48,10/24/14,California,Sacramento,2030 Arden Way,2,3,0.0,2014-10-24
49,10/18/14,New York,Queens,33-02 Queens Blvd,0,4,0.0,2014-10-18
50,10/18/14,South Carolina,Graniteville,192 Breezy Hill Road,1,3,0.0,2014-10-18
51,10/18/14,New York,Brooklyn,Lenox Road,0,4,0.0,2014-10-18
52,10/16/14,Michigan,Detroit,Mogul Street,1,3,0.0,2014-10-16
53,10/14/14,Georgia,Peachtree Corners,6505 Bannor Lane,3,2,0.0,2014-10-14
54,10/13/14,Georgia,Atlanta,85 Mount Zion Road,0,4,0.0,2014-10-13
55,10/12/14,California,Stockton,1100 block of East March Lane,3,1,0.0,2014-10-12
56,10/12/14,Georgia,Atlanta,Arthur Langford Jr Place,1,3,0.0,2014-10-12
57,10/11/14,New York,Utica,222 Bleecker Street,0,5,0.0,2014-10-11
58,10/8/14,Georgia,Atlanta,Auburn Avenue and Edgewood Avenue,0,4,0.0,2014-10-08
59,10/8/14,New York,Guilderland,1846 Western Ave,4,0,0.0,2014-10-08
60,10/5/14,Michigan,Detroit,East 7 Mile Road and Sherwood Street,1,5,0.0,2014-10-05
61,10/5/14,Florida,Jacksonville,7300 block of Linda Drive,3,1,0.0,2014-10-05
62,10/4/14,Tennessee,Memphis,1400 block of Gherald Street,2,2,0.0,2014-10-04
63,10/4/14,California,Pomona,1925 West Holt Avenue ,0,4,0.0,2014-10-04
64,9/29/14,South Carolina,Walterboro,29 Sandy Dam Lane,1,7,0.0,2014-09-29
65,9/29/14,California,Fresno,2300 block of West Fountain Way ,0,4,0.0,2014-09-29
66,9/28/14,Pennsylvania,Philadelphia,2800 block of Hope Street,0,4,0.0,2014-09-28
67,9/28/14,Florida,Miami,NW 7th Ave and NW 64th Street,0,15,0.0,2014-09-28
68,9/27/14,Missouri,Saint Louis,2000 block East John Avenue,0,5,0.0,2014-09-27
69,9/26/14,South Carolina,Darlington County,600 block of Turner Road,1,4,0.0,2014-09-26
70,9/21/14,Ohio,East Liverpool,440 First St,0,4,0.0,2014-09-21
71,9/20/14,Mississippi,Panola County,0,2,2,0.0,2014-09-20
72,9/19/14,New York,Queens,32-14 106th St,0,4,0.0,2014-09-19
73,9/18/14,Florida,Bell,NW 30th Street and NW 39th Terrace,8,0,0.0,2014-09-18
74,9/15/14,Louisiana,New Orleans,Chef Menteur Highway and Dale Street,0,5,0.0,2014-09-15
75,9/14/14,Texas,Flour Bluff,229 Naval Air Station Drive,3,1,0.0,2014-09-14
76,9/14/14,Alaska,Anchorage,225 E Fifth,0,6,0.0,2014-09-14
77,9/11/14,Michigan,Detroit,14000 block of Patton,1,7,0.0,2014-09-11
78,9/6/14,Florida,Orlando,2015 Orange Blossom Trail,0,4,0.0,2014-09-06
79,9/6/14,Georgia,Macon,576 Poplar Street,0,5,0.0,2014-09-06
80,9/4/14,Michigan,Flint,2400 block of Martin Luther King Boulevard,0,5,0.0,2014-09-04
81,9/3/14,California,Los Angeles,East 27th and Stanford ,0,6,0.0,2014-09-03
82,9/2/14,California,Highland,25000 block of Fifth Street ,0,5,0.0,2014-09-02
83,9/2/14,Mississippi,Jackson,3622 Medgar Evers Boulevard,2,3,0.0,2014-09-02
84,8/31/14,California,Livermore,200 block of South Q Street ,0,5,0.0,2014-08-31
85,8/29/14,Florida,Brooksville,820 Peach St,3,1,0.0,2014-08-29
86,8/27/14,Michigan,Detroit,16600 block of Edmore,1,3,0.0,2014-08-27
87,8/24/14,California,San Fernando,1400 block of Celis Street ,3,4,0.0,2014-08-24
88,8/24/14,Illinois,Chicago,8300 block of South Halsted Street,1,3,0.0,2014-08-24
89,8/24/14,Georgia,Augusta,1013 Carrie Street,1,3,0.0,2014-08-24
90,8/20/14,Tennessee,Memphis,1400 block of Briarcrest Lane,0,5,0.0,2014-08-20
91,8/18/14,Louisiana,Saint Martinville,Main and Hyacinth streets,0,4,0.0,2014-08-18
92,8/17/14,California,East Palo Alto,Purdue Street and Georgetown Avenue,1,3,0.0,2014-08-17
93,8/17/14,Nevada,Las Vegas,Owens Avenue and H Street,0,4,0.0,2014-08-17
94,8/17/14,New York,Queens,153-38 118th Ave,0,4,0.0,2014-08-17
95,8/17/14,Massachusetts,Boston,Edinboro Street,0,4,0.0,2014-08-17
96,8/16/14,New Jersey,Plainfield,West 3rd Street and Monroe Avenue,1,3,0.0,2014-08-16
97,8/16/14,Utah,Salt Lake City,122 Pierpont Avenue,0,6,0.0,2014-08-16
98,8/14/14,Tennessee,Memphis,797 Pope Street,1,3,0.0,2014-08-14
99,8/13/14,Tennessee,Clarksville,Treeland Drive,0,4,0.0,2014-08-13
100,8/13/14,Louisiana,New Orleans,New Orleans and North Rocheblave streets,0,4,0.0,2014-08-13
101,8/12/14,New York,Buffalo,Oakmont Avenue,1,3,0.0,2014-08-12
102,8/12/14,Georgia,Bartow County,Brent Circle,2,3,0.0,2014-08-12
103,8/10/14,Louisiana,New Orleans,5400 block of Burgundy St,2,5,0.0,2014-08-10
104,8/10/14,California,Moreno Valley,16300 block of Heather Glen Road ,0,7,0.0,2014-08-10
105,8/10/14,District of Columbia,Washington,N Street SW,0,6,0.0,2014-08-10
106,8/10/14,Georgia,Wrightsville,0,0,6,0.0,2014-08-10
107,8/9/14,Minnesota,Minneapolis,400 3rd Ave N,1,8,0.0,2014-08-09
108,8/8/14,Wisconsin,Milwaukee,3000 block of N. 28th Street ,0,4,0.0,2014-08-08
109,8/8/14,New Mexico,Albuquerque,3426 Vassar NE,1,3,0.0,2014-08-08
110,8/8/14,District of Columbia,Washington,Second Street and Todd Place NE,0,4,0.0,2014-08-08
111,8/6/14,California,Bakersfield,1700 block of Quincy Street ,3,1,0.0,2014-08-06
112,8/4/14,Georgia,Atlanta,1100 block of Joseph E. Boone Boulevard NW,0,5,0.0,2014-08-04
113,8/3/14,Texas,Humble,3403 FM 1960,0,7,0.0,2014-08-03
114,8/3/14,Missouri,Saint Louis,5200 block of Thekla ,0,5,0.0,2014-08-03
115,8/3/14,Virginia,Culpeper,4400 block of Rixeyville Road,5,0,0.0,2014-08-03
116,8/3/14,Tennessee,Columbia,East 9th Street and Bridge Street,0,5,0.0,2014-08-03
117,8/2/14,Texas,Dallas,5125 Wynell Street,3,1,0.0,2014-08-02
118,8/2/14,Massachusetts,New Bedford,Acushnet Avenue,0,7,0.0,2014-08-02
119,8/2/14,Pennsylvania,Pittsburgh,Penn Avenue and 29th Street,1,5,0.0,2014-08-02
120,8/1/14,Pennsylvania,Philadelphia,1500 block of South Etting Street,1,3,0.0,2014-08-01
121,7/30/14,North Carolina,Hope Mills,926 Bramblegate Road,3,2,0.0,2014-07-30
122,7/28/14,Pennsylvania,Philadelphia,4900 block of North Front Street,1,4,0.0,2014-07-28
123,7/27/14,Missouri,Saint Louis,2000 block of East John Avenue,0,5,0.0,2014-07-27
124,7/26/14,Arkansas,Pine Bluff,0,1,3,0.0,2014-07-26
125,7/26/14,Georgia,Sylvester,Royal Street,0,8,0.0,2014-07-26
126,7/26/14,Maine,Saco,35 Water Street,5,0,0.0,2014-07-26
127,7/25/14,Illinois,Chicago,700 South California Avenue,1,6,0.0,2014-07-25
128,7/23/14,Pennsylvania,Braddock,700 block of Hickory St,0,4,0.0,2014-07-23
129,7/21/14,Tennessee,Memphis,300 block of Foote Park Lane,0,4,0.0,2014-07-21
130,7/21/14,New Jersey,Irvington,36 Welland Avenue,0,6,0.0,2014-07-21
131,7/20/14,Illinois,East Saint Louis,5103 block of Bunkum Rd,1,3,0.0,2014-07-20
132,7/20/14,Nevada,Las Vegas,Rancho Drive 3400 block ,1,3,0.0,2014-07-20
133,7/19/14,Illinois,Chicago,1300 North Mason Avenue,0,4,0.0,2014-07-19
134,7/14/14,California,Sacramento,Fulton Avenue ,1,4,0.0,2014-07-14
135,7/13/14,Connecticut,Stamford,84 West Park Place,0,5,0.0,2014-07-13
136,7/13/14,District of Columbia,Washington,1700 block of Lincoln Road NE,0,4,0.0,2014-07-13
137,7/13/14,Washington,Skyway,12600 Renton Avenue South ,0,5,0.0,2014-07-13
138,7/12/14,California,Pasadena,1700 block of Summit Avenue,3,2,0.0,2014-07-12
139,7/11/14,Illinois,Chicago,5200 West Quincy Street,1,3,0.0,2014-07-11
140,7/9/14,Texas,Spring,711 Leaflet Ln,6,1,0.0,2014-07-09
141,7/8/14,Rhode Island,Providence,35 March Street,0,5,0.0,2014-07-08
142,7/7/14,Kentucky,Stopover,KY 194E,0,4,0.0,2014-07-07
143,7/7/14,California,San Bernardino,312  E Baseline Street ,1,4,0.0,2014-07-07
144,7/6/14,Florida,Miami,NW 20th Ave and NW 62nd St,2,2,0.0,2014-07-06
145,7/6/14,Missouri,Saint Louis,4600 block of Natural Bridge Avenue,0,4,0.0,2014-07-06
146,7/6/14,New York,Buffalo,100 block of Erb Street,0,4,0.0,2014-07-06
147,7/5/14,Michigan,Kalamazoo,0,0,4,0.0,2014-07-05
148,7/5/14,Oregon,Portland,333 SE 122ND Ave,1,4,0.0,2014-07-05
149,7/5/14,Indiana,Indianapolis,Broad Ripple Avenue,0,7,0.0,2014-07-05
150,7/5/14,Illinois,Centreville,4700 Piggott Avenue,0,5,0.0,2014-07-05
151,7/5/14,Texas,Houston,1700 Almeda-Genoa,0,6,0.0,2014-07-05
152,7/5/14,Virginia,Norfolk,861 W. 36th Street,0,7,0.0,2014-07-05
153,7/4/14,Virginia,Norfolk,1722 Thurgood Street,0,5,0.0,2014-07-04
154,7/2/14,Pennsylvania,Chester,1400 block of West Congress Street,0,5,0.0,2014-07-02
155,6/30/14,Kentucky,Lexington,Scottsdale Circle,1,3,0.0,2014-06-30
156,6/29/14,Louisiana,New Orleans,700 block of Bourbon St,1,9,0.0,2014-06-29
157,6/29/14,California,Los Angeles,1100 block of North Vermont Avenue,1,5,0.0,2014-06-29
158,6/29/14,Missouri,Saint Louis,2800 block of Dayton,0,4,0.0,2014-06-29
159,6/28/14,California,Antioch,5500 Cedar Point Way,0,7,0.0,2014-06-28
160,6/28/14,New York,Manhattan,Fifth Avenue and West 139th Street,0,4,0.0,2014-06-28
161,6/27/14,California,San Diego,1800 block of Cathy Street,1,3,0.0,2014-06-27
162,6/27/14,California,San Diego,1600 block of Cathy Street,1,3,0.0,2014-06-27
163,6/27/14,Michigan,Detroit,Grand Street and Lasalle Street,2,2,0.0,2014-06-27
164,6/26/14,Michigan,Detroit,Grand St,2,2,0.0,2014-06-26
165,6/26/14,Wisconsin,Milwaukee,24th and Locust,0,5,0.0,2014-06-26
166,6/25/14,Massachusetts,Lowell,Midland Street,0,5,0.0,2014-06-25
167,6/24/14,Florida,Miami,Northwest 12th Avenue and 65th Street,2,7,0.0,2014-06-24
168,6/22/14,California,Windsor,Windsor Avenue,1,3,0.0,2014-06-22
169,6/21/14,District of Columbia,Washington,Florida Avenue and U Street NW,0,4,0.0,2014-06-21
170,6/21/14,Tennessee,Memphis,2119 East Alcy Road,0,5,0.0,2014-06-21
171,6/20/14,Maryland,Seat Pleasant,6600 block of Greig Street,0,4,0.0,2014-06-20
172,6/15/14,Indiana,Kokomo,5100 Clinton Drive,0,4,0.0,2014-06-15
173,6/15/14,Illinois,Park Forest,200 Berry Street,0,4,0.0,2014-06-15
174,6/13/14,California,Los Angeles,8600 block of South Figueroa Street,3,1,0.0,2014-06-13
175,6/9/14,New Jersey,Paterson,Rosa Parks Boulevard and Godwin Avenue,0,6,0.0,2014-06-09
176,6/8/14,Alabama,Opp,611 Hardin Street,1,4,0.0,2014-06-08
177,6/7/14,South Carolina,Moncks Corner,Tish Lane,1,5,0.0,2014-06-07
178,6/7/14,Michigan,Oak Park,10811 W. Ten Mile Rd.,1,3,0.0,2014-06-07
179,6/4/14,Illinois,Chicago,4900 West West End Avenue,1,3,0.0,2014-06-04
180,6/3/14,Georgia,Atlanta,Auburn Avenue,1,4,0.0,2014-06-03
181,6/2/14,Illinois,Chicago,2660 E. 79th St,0,7,0.0,2014-06-02
182,6/1/14,Illinois,Chicago,West Ferdinand Street and North Lavergne Avenue ,1,5,0.0,2014-06-01
183,6/1/14,California,Sacramento,6500 46th Street,0,4,0.0,2014-06-01
184,5/31/14,California,San Bernardino,0,1,3,0.0,2014-05-31
185,5/25/14,Ohio,Toledo,2100 block of Joffre Avenue,1,3,0.0,2014-05-25
186,5/24/14,Michigan,Detroit,Strathmoor Street,0,4,0.0,2014-05-24
187,5/24/14,South Carolina,Myrtle Beach,Ocean Boulevard near First Avenue North,3,1,0.0,2014-05-24
188,5/23/14,California,Goleta (Isla Vista),840 Embarcadero Del Norte,4,8,0.0,2014-05-23
189,5/23/14,Louisiana,New Orleans,6200 block of Eads Street,1,7,0.0,2014-05-23
190,5/23/14,California,Bellflower,9541 Flower Street,2,2,0.0,2014-05-23
191,5/21/14,Texas,Dallas,4500 block of Village Fair Drive,1,3,0.0,2014-05-21
192,5/18/14,Ohio,Sandusky,1643 Cleveland Rd,0,7,0.0,2014-05-18
193,5/17/14,California,Coachella,84000 block of Pedro Drive,1,3,0.0,2014-05-17
194,5/17/14,District of Columbia,Washington,2200 block of Adams Place NE,0,5,0.0,2014-05-17
195,5/13/14,Georgia,Atlanta,Panther Trail and Childress Drive,0,5,0.0,2014-05-13
196,5/12/14,Illinois,Chicago,3400 West 24th Street,0,4,0.0,2014-05-12
197,5/11/14,California,Sacramento,Peregrine Park,1,6,0.0,2014-05-11
198,5/11/14,Tennessee,Memphis,2517 Shasta,0,7,0.0,2014-05-11
199,5/10/14,Georgia,Stone Mountain,1100 To Lani Farm Road,1,3,0.0,2014-05-10
200,5/10/14,California,Sacramento,Natomas,1,6,0.0,2014-05-10
201,5/10/14,Georgia,Decatur,Shamrock Drive ,2,3,0.0,2014-05-10
202,5/4/14,Illinois,Chicago,500 West Erie Street,1,3,0.0,2014-05-04
203,5/4/14,Colorado,Wheat Ridge,12100 W 44th,0,4,0.0,2014-05-04
204,5/3/14,Arkansas,Jonesboro,2201 Moore Road; Dalton Farmer Drive; County Road 664,4,4,0.0,2014-05-03
205,4/30/14,Illinois,Chicago,7200 South Phillips Avenue,0,4,0.0,2014-04-30
206,4/29/14,Georgia,Kennesaw,1675 Airport Road,1,6,0.0,2014-04-29
207,4/27/14,New York,Troy,Fourth Street,0,5,0.0,2014-04-27
208,4/25/14,Tennessee,Memphis,2000 Chelsea Avenue,2,3,0.0,2014-04-25
209,4/22/14,California,Los Angeles,6419 Brynhurst Avenue,1,3,0.0,2014-04-22
210,4/20/14,Illinois,Montgomery,1300 block of Jackson St,0,6,0.0,2014-04-20
211,4/20/14,Florida,Tampa,2902 N. 32nd St.,2,2,0.0,2014-04-20
212,4/20/14,Illinois,Chicago,6600 South Michigan Ave,0,5,0.0,2014-04-20
213,4/14/14,District of Columbia,Washington,1500 block of 19th Street,0,4,0.0,2014-04-14
214,4/12/14,Louisiana,New Orleans,2100 block of Pauger Street,1,3,0.0,2014-04-12
215,4/11/14,Indiana,Richmond,North 15th and H Streets,0,4,0.0,2014-04-11
216,4/9/14,Tennessee,Lookout Valley,Kellys Ferry Road and Kellys Ferry Place,3,1,0.0,2014-04-09
217,4/9/14,Illinois,Rockford,300 North Sunset,0,4,0.0,2014-04-09
218,4/7/14,Louisiana,New Orleans,500 block of South Alexander Street,0,4,0.0,2014-04-07
219,4/6/14,Massachusetts,Springfield,90 Worthington St.,0,4,0.0,2014-04-06
220,4/6/14,Oklahoma,Oklahoma City,Northwest 29th Street and Portland Avenue,0,4,0.0,2014-04-06
221,4/5/14,Illinois,Chicago,4300 W Wilcox Street,1,5,0.0,2014-04-05
222,4/5/14,Arizona,Phoenix,West Palm Lane near 54th Avenue,1,3,0.0,2014-04-05
223,4/5/14,California,Fairfield,Orchid Street ,0,4,0.0,2014-04-05
224,4/2/14,Texas,Fort Hood,Motor Pool Road and Tank Destroyer Boulevard,4,16,0.0,2014-04-02
225,3/30/14,Mississippi,Starkville,0,0,5,0.0,2014-03-30
226,3/30/14,North Carolina,Charlotte,4300 Sunset Road,0,5,0.0,2014-03-30
227,3/23/14,Texas,Arlington,2700 Majesty Drive,1,3,0.0,2014-03-23
228,3/23/14,California,Long Beach,601 Long Beach Boulevard,1,3,0.0,2014-03-23
229,3/23/14,California,San Francisco,Turk and Taylor,0,7,0.0,2014-03-23
230,3/21/14,South Carolina,North Charleston,7550 Dorchester Road,0,4,0.0,2014-03-21
231,3/16/14,Texas,Beaumont,S 4th St,3,1,0.0,2014-03-16
232,3/16/14,Georgia,Waynesboro,4960 Highway 80 West ,0,4,0.0,2014-03-16
233,3/14/14,New York,Brooklyn,S. Second and Roebling Sts,0,4,0.0,2014-03-14
234,3/9/14,Ohio,Fremont,531 W State St,3,1,0.0,2014-03-09
235,3/9/14,Texas,Austin, 4900 block of West Race Avenue,0,6,0.0,2014-03-09
236,3/8/14,Illinois,Chicago,4900 West Race Ave,0,6,0.0,2014-03-08
237,3/8/14,California,Richmond,1600 block of First Street,1,3,0.0,2014-03-08
238,3/5/14,South Carolina,Pelzer,Law Street,3,2,0.0,2014-03-05
239,3/1/14,Pennsylvania,Pittsburgh,Hamilton Avenue,1,4,0.0,2014-03-01
240,3/1/14,Michigan,Detroit,7800 Gratiot Av.,0,4,0.0,2014-03-01
241,2/25/14,Virginia,Glade Spring,Graceland Lane,5,1,0.0,2014-02-25
242,2/22/14,California,Wilmington,1200 block of W Papeete St,0,4,0.0,2014-02-22
243,2/20/14,California,Alturas,300 W 1st St,4,2,0.0,2014-02-20
244,2/20/14,Indiana,Indianapolis,3400 block of South Parker,4,0,0.0,2014-02-20
245,2/16/14,Texas,Fort Worth, 115 NW 25th St.,1,4,0.0,2014-02-16
246,2/16/14,Florida,Orange County,4500 block of Riviera Shores ,1,6,0.0,2014-02-16
247,2/16/14,Florida,Jacksonville,1187 S. Edgewood Ave.,1,4,0.0,2014-02-16
248,2/16/14,Texas,Dallas,2600 block of South Harwood Street,1,7,0.0,2014-02-16
249,2/16/14,Indiana,Fort Wayne,Lafayette Street and East Tillman Road,0,5,0.0,2014-02-16
250,2/15/14,Nevada,Las Vegas,Sahara and Maryland ,0,5,0.0,2014-02-15
251,2/12/14,Indiana,Gary,2220 block of Broadway,0,5,0.0,2014-02-12
252,2/12/14,California,Oakland,37th and International ,1,3,0.0,2014-02-12
253,2/12/14,California,Stockton,Constitution Park,1,3,0.0,2014-02-12
254,2/7/14,Florida,Miami,Northwest 41st Street and 9th Avenue ,0,5,0.0,2014-02-07
255,2/6/14,Louisiana,New Orleans,4600 block of Downman Road,0,4,0.0,2014-02-06
256,2/5/14,Illinois,Chicago,6740 N Clark St,1,3,0.0,2014-02-05
257,2/3/14,Indiana,Franklin,2100 block of Bridlewood Dr,3,2,0.0,2014-02-03
258,1/27/14,North Carolina,Rocky Mount,821 Word Plaza,0,4,0.0,2014-01-27
259,1/27/14,Washington,Seattle,2nd Avenue South and South Main Street,1,4,0.0,2014-01-27
260,1/25/14,Illinois,Chicago,S. Union Av and W. 51st St,1,4,0.0,2014-01-25
261,1/25/14,Florida,Belle Glade,600 block of Covenant Drive,0,4,0.0,2014-01-25
262,1/21/14,New Jersey,Newark,Springfield Avenue ,2,3,0.0,2014-01-21
263,1/20/14,Virginia,Manassas,8509 Rixlew Ln,0,4,0.0,2014-01-20
264,1/16/14,Utah,Spanish Fork,37 N. 630 West,5,0,0.0,2014-01-16
265,1/16/14,Oklahoma,Ardmore,0,2,4,0.0,2014-01-16
266,1/14/14,California,Los Angeles,West 86th Street,0,4,0.0,2014-01-14
267,1/13/14,Michigan,Detroit,800 block of Calvert St,0,4,0.0,2014-01-13
268,1/12/14,Louisiana,Tallulah,3600 block of Highway 80 W,0,6,0.0,2014-01-12
269,1/12/14,Alabama,Huntsville,University Drive,0,5,0.0,2014-01-12
270,1/12/14,Illinois,Elgin,300 block of North Street,0,5,0.0,2014-01-12
271,1/3/14,New York,Queens,Farmers Boulevard and 133rd Avenue,1,3,0.0,2014-01-03
272,1/1/14,Virginia,Norfolk,Rockingham Street and Berkley Avenue Extended,2,2,0.0,2014-01-01
0,12/31/15,Louisiana,New Orleans,1900 block of Amelia Street,0,6,0.0,2015-12-31
1,12/27/15,Tennessee,Jackson,North Parkway,0,4,0.0,2015-12-27
2,12/26/15,Pennsylvania,Philadelphia,4210 Macalester St,0,4,0.0,2015-12-26
3,12/25/15,Florida,Jacksonville,Franklin and Odessa,0,4,0.0,2015-12-25
4,12/25/15,Alabama,Mobile,785 Schillinger Rd S,0,4,0.0,2015-12-25
5,12/21/15,California,San Leandro,14600 block of East 14th Street,0,4,0.0,2015-12-21
6,12/20/15,North Carolina,Wilmington,11th and Castle Street,1,4,0.0,2015-12-20
7,12/20/15,Florida,Miami (Goulds),21630 Southwest 120th Avenue,1,4,0.0,2015-12-20
8,12/20/15,Florida,Miami-dade (county),Northeast Seventh Avenue and Northeast 166th Street,0,4,0.0,2015-12-20
9,12/13/15,California,Los Angeles,5550 S. Flower Street,1,3,0.0,2015-12-13
10,12/13/15,California,Huntington Beach,17000 block of Keelson Lane,0,4,0.0,2015-12-13
11,12/12/15,Georgia,Savannah,Whitaker Street,0,4,0.0,2015-12-12
12,12/12/15,Illinois,Lovejoy (Brooklyn),307 Jefferson St,1,3,0.0,2015-12-12
13,12/11/15,Maryland,Baltimore,5100 block of Park Heights Avenue,1,3,0.0,2015-12-11
14,12/11/15,Pennsylvania,Pittsburgh (Mount Oliver),200 block of  Brownsville Road,0,4,0.0,2015-12-11
15,12/8/15,Ohio,Cincinnati (Fairmount),2300 block of Baltimore Avenue,1,3,0.0,2015-12-08
16,12/6/15,Louisiana,Raceland,Market Street,1,3,0.0,2015-12-06
17,12/6/15,Nebraska,Omaha,North 108th Street and Military Road,2,3,0.0,2015-12-06
18,12/2/15,California,San Bernardino,1365 South Waterman Avenue,16,19,0.0,2015-12-02
19,12/2/15,Georgia,Savannah,100 block of West 33rd Street,1,3,0.0,2015-12-02
20,11/29/15,Illinois,Kankakee,648 E. Court St,0,5,0.0,2015-11-29
21,11/27/15,Colorado,Colorado Springs,3480 Centennial Blvd,3,9,0.0,2015-11-27
22,11/27/15,California,Sacramento,7900 block of Florin Road,2,2,0.0,2015-11-27
23,11/24/15,South Carolina,Horry (county),1321 Colletta Court,0,4,0.0,2015-11-24
24,11/23/15,Ohio,Columbus,90 block of S. Terrace Avenue,4,1,0.0,2015-11-23
25,11/23/15,Minnesota,Minneapolis,Morgan Avenue North,0,5,0.0,2015-11-23
26,11/22/15,Texas,Brownsville,1800 block of FM 802,0,4,0.0,2015-11-22
27,11/22/15,Washington,Seattle,Broadway and Pike,0,4,0.0,2015-11-22
28,11/22/15,New York,Newburgh,203 Broadway,0,5,0.0,2015-11-22
29,11/22/15,South Carolina,North Charleston,Park Circle,1,3,0.0,2015-11-22
30,11/22/15,Illinois,Chicago,4100 block of West Roosevelt,0,4,0.0,2015-11-22
31,11/22/15,Louisiana,New Orleans,1900 block of Gallier Street,0,17,0.0,2015-11-22
32,11/21/15,Maryland,Baltimore,Stricker and School,1,3,0.0,2015-11-21
33,11/20/15,Pennsylvania,Pittsburgh,Prospect Drive,1,3,0.0,2015-11-20
34,11/18/15,California,Fresno,California Avenue and Martin Luther King Jr. Boulevard,0,5,0.0,2015-11-18
35,11/16/15,Alabama,Cherokee (county),1400 block of County Road 664,3,1,0.0,2015-11-16
36,11/15/15,Pennsylvania,Philadelphia,5600 block of Blakemore Street,0,4,0.0,2015-11-15
37,11/15/15,Texas,Tennessee Colony,800 block of County Road 2217,5,0,0.0,2015-11-15
38,11/14/15,Pennsylvania,Johnstown,1159 Main St,0,4,0.0,2015-11-14
39,11/13/15,Florida,Jacksonville,1300 block of South Shirley Oaks Drive,4,1,0.0,2015-11-13
40,11/9/15,Indiana,Indianapolis,400 block of North Beville Ave,2,2,0.0,2015-11-09
41,11/8/15,Iowa,Des Moines,4397 NW 6th Drive,1,3,0.0,2015-11-08
42,11/8/15,Michigan,Warren,13859 8 Mile Road,0,4,0.0,2015-11-08
43,11/7/15,Colorado,Denver,Bayaud and Bannock,1,3,0.0,2015-11-07
44,11/6/15,California,Bakersfield,1000 block of Feliz Drive,0,4,0.0,2015-11-06
45,11/3/15,Florida,Jacksonville,Ella Street and Kings Road,2,3,0.0,2015-11-03
46,11/2/15,South Carolina,Pendleton,2217 Refuge Road,4,0,0.0,2015-11-02
47,10/28/15,Louisiana,Houma,400 block of Morgan Street,1,3,0.0,2015-10-28
48,10/27/15,Texas,Fort Worth,1700 block of Southcrest Drive,0,5,0.0,2015-10-27
49,10/26/15,Indiana,Evansville,711 E Virginia St,0,5,0.0,2015-10-26
50,10/25/15,North Carolina,Four Oaks,2339 Stricklands Crossroads Road,0,5,0.0,2015-10-25
51,10/25/15,Arizona,Phoenix,Seventh Street and Broadway,1,4,0.0,2015-10-25
52,10/25/15,District of Columbia,Washington,4300 block of Wheeler Road SE,0,5,0.0,2015-10-25
53,10/24/15,South Carolina,Bamberg,682 Dixie Ave.,0,4,0.0,2015-10-24
54,10/22/15,Tennessee,Nashville,3500 John A. Merritt Blvd,1,3,0.0,2015-10-22
55,10/19/15,Illinois,Calumet City,300 Campbell Avenue,0,6,0.0,2015-10-19
56,10/18/15,Louisiana,New Orleans,2600 block of Caffin Avenue,0,4,0.0,2015-10-18
57,10/17/15,Florida,Fort Myers,2224 First St,1,4,0.0,2015-10-17
58,10/17/15,Indiana,Elkhart,160 Easy Shopping Place,0,4,0.0,2015-10-17
59,10/12/15,Georgia,Decatur,4731 Glenwood Road,0,4,0.0,2015-10-12
60,10/10/15,Tennessee,Memphis,6135 Mount Moriah Road,0,6,0.0,2015-10-10
61,10/10/15,North Carolina,Charlotte,1900 block of West Boulevard,0,4,0.0,2015-10-10
62,10/10/15,Illinois,Peoria,2405 N Flora,1,3,0.0,2015-10-10
63,10/9/15,Arizona,Flagstaff,216 E Mountain View Drive,1,3,0.0,2015-10-09
64,10/6/15,Maryland,Baltimore,300 block of North Payson Street,0,5,0.0,2015-10-06
65,10/2/15,Maryland,Baltimore,5400 Reisterstown Road,1,4,0.0,2015-10-02
66,10/1/15,Oregon,Roseburg,1140 Umpqua College Rd,10,9,0.0,2015-10-01
67,9/28/15,Ohio,Cincinnati (Evanston),1800 block of Hewitt Avenue,0,5,0.0,2015-09-28
68,9/28/15,Illinois,Chicago,300 block of West 42nd Street,3,2,0.0,2015-09-28
69,9/28/15,Illinois,Chicago,5300 block of South Aberdeen Street,2,3,0.0,2015-09-28
70,9/28/15,Ohio,Dayton,1921 Oakridge,0,4,0.0,2015-09-28
71,9/27/15,Georgia,Greenville,1140 Hill Haven Road,0,10,0.0,2015-09-27
72,9/27/15,Illinois,Chicago,5200 block of South Justine,0,4,0.0,2015-09-27
73,9/27/15,Missouri,Kansas City,1700 E. 18th St.,0,4,0.0,2015-09-27
74,9/25/15,Illinois,Danville,1300 block of May Street,0,4,0.0,2015-09-25
75,9/24/15,Illinois,Chicago,5100 block of South Morgan Street,0,5,0.0,2015-09-24
76,9/23/15,Louisiana,Shreveport,2900 block of Peach Street,0,5,0.0,2015-09-23
77,9/23/15,Florida,Fort Myers,Dale Street and Veronica S. Shoemaker Boulevard,0,4,0.0,2015-09-23
78,9/23/15,Georgia,Norcross,1300 block of Reddington Lane,1,3,0.0,2015-09-23
79,9/20/15,Pennsylvania,Philadelphia,900 block of Pratt Street,1,3,0.0,2015-09-20
80,9/20/15,Illinois,Chicago,5700 block of South LaSalle,1,5,0.0,2015-09-20
81,9/20/15,Oklahoma,Tulsa,Pine and Yale,0,6,0.0,2015-09-20
82,9/19/15,Indiana,Indianapolis,3900 block of Graceland Avenue,1,3,0.0,2015-09-19
83,9/17/15,South Dakota,Geddes,36705 379th Street,6,0,0.0,2015-09-17
84,9/17/15,Michigan,Albion,500 block of W. Broadwell Street,0,4,0.0,2015-09-17
85,9/15/15,New Jersey,Newark,Irvine Turner Boulevard and West Kinney Street,0,4,0.0,2015-09-15
86,9/13/15,Florida,Ocala,1910 South Pine Avenue,1,5,0.0,2015-09-13
87,9/12/15,Louisiana,Shreveport,1500 block of Clanton Street,0,4,0.0,2015-09-12
88,9/12/15,New York,Rochester,36 Woodward Street,2,4,0.0,2015-09-12
89,9/12/15,Minnesota,Minneapolis,1st Ave. and N. 5th St.,0,6,0.0,2015-09-12
90,9/12/15,Minnesota,Minneapolis,1200 block of 22nd Ave. N.,1,3,0.0,2015-09-12
91,9/11/15,North Carolina,Charlotte,1000 North Carolina Music Factory Blvd.,0,5,0.0,2015-09-11
92,9/10/15,Minnesota,Excelsior (Greenwood),Channel Drive,5,0,0.0,2015-09-10
93,9/8/15,Georgia,Berlin,0,0,4,0.0,2015-09-08
94,9/8/15,Illinois,Chicago,56th and Green,0,4,0.0,2015-09-08
95,9/7/15,Indiana,Gary,9300 block of Sunrise,2,4,0.0,2015-09-07
96,9/7/15,Colorado,Denver,1909 Blake Street,0,4,0.0,2015-09-07
97,9/5/15,North Carolina,Charlotte,6800 block of Fieldvale Place,1,3,0.0,2015-09-05
98,9/5/15,Florida,Daytona Beach,300 block of Pearl Street,0,4,0.0,2015-09-05
99,9/5/15,Nevada,Las Vegas,5000 block of Hollywood Boulevard,1,3,0.0,2015-09-05
100,9/5/15,Missouri,Columbia,1509 Ashley Street,0,4,0.0,2015-09-05
101,8/30/15,Tennessee,Memphis,3300 block of Sobota Circle,1,4,0.0,2015-08-30
102,8/29/15,Tennessee,Bristol,618 Henson Road,3,2,0.0,2015-08-29
103,8/29/15,Texas,Tyler,638 ENE Loop 323,1,3,0.0,2015-08-29
104,8/28/15,New York,Brooklyn,589 Flatbush Avenue,1,3,0.0,2015-08-28
105,8/27/15,California,Salinas,928 Blanco Circle,2,2,0.0,2015-08-27
106,8/26/15,Illinois,Chicago,3025 W. Van Buren Ave,2,2,0.0,2015-08-26
107,8/26/15,Minnesota,Minneapolis (Brooklyn Center),5000 block of Drew Avenue North,0,4,0.0,2015-08-26
108,8/26/15,Florida,West Palm Beach,800 block of 19th Street,2,2,0.0,2015-08-26
109,8/25/15,Louisiana,New Orleans,Fern Street and Olive Street,1,3,0.0,2015-08-25
110,8/23/15,California,Modesto,1100 block of Kansas Avenue,1,7,0.0,2015-08-23
111,8/22/15,Florida,Orlando (Pine Hills),State Road 408,0,4,0.0,2015-08-22
112,8/22/15,New Mexico,Roswell,302 East Reed Street,3,1,0.0,2015-08-22
113,8/21/15,North Carolina,Durham,2700 block of Hinson Drive,0,8,0.0,2015-08-21
114,8/21/15,Ohio,Cincinnati,Mathis and Prentice,2,5,0.0,2015-08-21
115,8/20/15,Texas,Grulla (La Grulla),FM 2360,2,2,0.0,2015-08-20
116,8/19/15,New York,Rochester,500 Genesee St,3,4,0.0,2015-08-19
117,8/16/15,Texas,Fort Worth,3651 Sycamore School Rd,0,6,0.0,2015-08-16
118,8/16/15,Illinois,Chicago,5400 block of West Division Street,0,4,0.0,2015-08-16
119,8/16/15,South Carolina,Bennettsville,Highway 38N,0,5,0.0,2015-08-16
120,8/15/15,Pennsylvania,Pittsburgh,West Prospect Avenue,1,3,0.0,2015-08-15
121,8/15/15,California,Los Angeles,57th Street and South Normandie Avenue,0,4,0.0,2015-08-15
122,8/15/15,South Carolina,Orangeburg,2868 Bamberg Road,1,3,0.0,2015-08-15
123,8/10/15,California,Long Beach,1700 block of East 10th Street,0,4,0.0,2015-08-10
124,8/9/15,Mississippi,Forest,Poplar Street,1,3,0.0,2015-08-09
125,8/9/15,Michigan,Detroit,15200 block of Hazelridge,1,3,0.0,2015-08-09
126,8/9/15,Missouri,Kansas City,40th Street and Pennsylvania Avenue,0,4,0.0,2015-08-09
127,8/8/15,North Carolina,Gastonia,4908 Greenwood Drive,2,3,0.0,2015-08-08
128,8/8/15,Arkansas,Blytheville,833 Anderson Street,1,11,0.0,2015-08-08
129,8/8/15,Texas,Houston,2211 Falling Oaks,8,0,0.0,2015-08-08
130,8/7/15,Vermont,Barre (Berlin),3182 Airport Rd,4,0,0.0,2015-08-07
131,8/6/15,South Carolina,Columbia,1505 Garden Plaza,0,4,0.0,2015-08-06
132,8/4/15,Missouri,Saint Louis,2500 block of Semple,1,4,0.0,2015-08-04
133,8/3/15,New York,Brooklyn,98 Dwight Street,0,5,0.0,2015-08-03
134,8/2/15,New York,Brooklyn,Stanley Avenue and Crescent Street,0,9,0.0,2015-08-02
135,8/2/15,Maryland,Baltimore,2700 block of Garrison Avenue,0,7,0.0,2015-08-02
136,8/2/15,Illinois,Chicago,4800 block of West Kamerling Avenue,1,4,0.0,2015-08-02
137,8/2/15,Georgia,Savannah,Barnard Street,0,5,0.0,2015-08-02
138,8/2/15,Illinois,Chicago,6700 block of South Winchester Avenue,0,4,0.0,2015-08-02
139,8/1/15,Florida,Orlando,5801 Shenandoah Way,0,4,0.0,2015-08-01
140,7/30/15,Pennsylvania,Pittsburgh,Brushton Avenue,0,4,0.0,2015-07-30
141,7/27/15,Illinois,Rockford,900 block of Kent Street,0,5,0.0,2015-07-27
142,7/26/15,Missouri,Kansas City,Thompson and Colorado,2,3,0.0,2015-07-26
143,7/26/15,Louisiana,New Orleans,Piety and Treasure street,0,4,0.0,2015-07-26
144,7/25/15,Virginia,Hopewell,500 block of N. 7th Ave,0,4,0.0,2015-07-25
145,7/24/15,Pennsylvania,Erie,200 block of W 29th St,2,4,0.0,2015-07-24
146,7/23/15,Louisiana,Lafayette,3141 Johnson Street,3,9,0.0,2015-07-23
147,7/22/15,Georgia,Suwanee,5500 block of Old Atlanta Road,5,0,0.0,2015-07-22
148,7/21/15,Florida,Miami Gardens,Northwest 25th Avenue and Miami Gardens Drive,1,3,0.0,2015-07-21
149,7/20/15,New York,Bronx,E. 153rd St. and the Grand Concourse,0,6,0.0,2015-07-20
150,7/19/15,Virginia,Suffolk,100 block of North Capitol Street,0,4,0.0,2015-07-19
151,7/19/15,Kentucky,Louisville,2928 W Kentucky St,0,6,0.0,2015-07-19
152,7/19/15,North Carolina,Rocky Mount,Interstate 64 and Raliegh Street,0,4,0.0,2015-07-19
153,7/18/15,California,San Diego,200 block of South Bancroft Street,0,4,0.0,2015-07-18
154,7/18/15,California,Santa Paula,Ojai-Santa Paula Street,0,5,0.0,2015-07-18
155,7/18/15,Oregon,Salem,1550 Weston Ct NE,1,4,0.0,2015-07-18
156,7/18/15,Louisiana,Baton Rouge,300 block of Brice Street,2,2,0.0,2015-07-18
157,7/17/15,Illinois,Chicago,4400 block of W. Maypole,0,5,0.0,2015-07-17
158,7/17/15,Ohio,Cincinnati (Westwood),3100 block of Sunshine Avenue,0,4,0.0,2015-07-17
159,7/16/15,Tennessee,Chattanooga,4051 Amnicola Highway,6,2,0.0,2015-07-16
160,7/16/15,Texas,Dallas,Singleton and Hampton,0,5,0.0,2015-07-16
161,7/15/15,Georgia,Atlanta,500 block of Center Hill Avenue,0,5,0.0,2015-07-15
162,7/15/15,Maryland,Baltimore,3500 block of West Garrison Boulevard,1,3,0.0,2015-07-15
163,7/15/15,Ohio,Cleveland,700 block of Thornhill,0,7,0.0,2015-07-15
164,7/15/15,Michigan,Detroit,9200 block of Memorial,0,4,0.0,2015-07-15
165,7/15/15,South Carolina,Holly Hill,7050 Old State Road,4,1,0.0,2015-07-15
166,7/14/15,Missouri,Saint Louis,1100 block of Riverview,0,4,0.0,2015-07-14
167,7/13/15,California,Norwalk,11959 162nd Street,0,4,0.0,2015-07-13
168,7/13/15,California,Stockton,400 block of McCloud Avenue,1,4,0.0,2015-07-13
169,7/12/15,Illinois,River Forest,116 Lathrop Avenue,2,3,0.0,2015-07-12
170,7/12/15,New Jersey,Jersey City,Sip and Van Wagenen avenues,0,4,0.0,2015-07-12
171,7/7/15,Ohio,Cleveland,East 162nd Street and Miles Avenue,1,3,0.0,2015-07-07
172,7/7/15,Maryland,Baltimore,900 block of West Fayette Street,3,1,0.0,2015-07-07
173,7/5/15,Louisiana,Shreveport,3500 block of Hearne Avenue,0,8,0.0,2015-07-05
174,7/5/15,Indiana,Fort Wayne,1400 block of McCulloch Street,0,9,0.0,2015-07-05
175,7/5/15,New Jersey,East Orange,200 block of S. Clinton St,1,3,0.0,2015-07-05
176,7/4/15,District of Columbia,Washington,2600 Douglas Place SE,1,3,0.0,2015-07-04
177,7/4/15,Kentucky,Louisville,2500 block of West Broadway,0,4,0.0,2015-07-04
178,7/4/15,Massachusetts,Pittsfield,Dewey Avenue,1,4,0.0,2015-07-04
179,7/4/15,New York,Syracuse,Bellevue and Rich Street,0,4,0.0,2015-07-04
180,7/4/15,Texas,San Antonio,1100 block of West Avenue,0,4,0.0,2015-07-04
181,7/2/15,Indiana,Indianapolis,Lynn and Michigan,1,3,0.0,2015-07-02
182,6/29/15,Florida,Opa Locka,13450 NW 30th Ave,0,4,0.0,2015-06-29
183,6/28/15,Michigan,Detroit,Gratiot and Loretto,0,5,0.0,2015-06-28
184,6/28/15,Illinois,Venice,0,0,6,0.0,2015-06-28
185,6/28/15,Delaware,Harrington,100 block of East St,0,6,0.0,2015-06-28
186,6/27/15,Massachusetts,Taunton,Weir Street,1,3,0.0,2015-06-27
187,6/27/15,Michigan,Detroit,Stringham Court,0,4,0.0,2015-06-27
188,6/24/15,New York,New York (Manhattan),2110 Madison Ave,0,4,0.0,2015-06-24
189,6/22/15,Pennsylvania,Philadelphia,700 block of East Hilton Street,0,7,0.0,2015-06-22
190,6/21/15,Pennsylvania,Pittsburgh (Wilkinsburg),Rebecca and East Swissvale Avenue,0,4,0.0,2015-06-21
191,6/21/15,Kentucky,Lexington,726 Georgetown St,1,4,0.0,2015-06-21
192,6/20/15,Michigan,Detroit,Dexter and Webb,1,11,0.0,2015-06-20
193,6/20/15,North Carolina,Morven,0,0,4,0.0,2015-06-20
194,6/20/15,Pennsylvania,Philadelphia,4100 block of Ogden Street,0,11,0.0,2015-06-20
195,6/19/15,Rhode Island,Woonsocket,80 River Street,0,4,0.0,2015-06-19
196,6/17/15,South Carolina,Charleston,110 Calhoun Street,9,0,0.0,2015-06-17
197,6/16/15,Florida,Miami Gardens,600 block of Northwest 177th Street,0,4,0.0,2015-06-16
198,6/15/15,New York,Brooklyn,673 Flatbush Avenue,0,4,0.0,2015-06-15
199,6/14/15,New Jersey,Camden,2800 block of Mitchell Street,1,3,0.0,2015-06-14
200,6/14/15,Oklahoma,Tulsa,1800 block of North Kingston,0,4,0.0,2015-06-14
201,6/14/15,Missouri,Saint Louis,1400 block of North Market Street,0,4,0.0,2015-06-14
202,6/13/15,Georgia,Fayetteville,600 block of Highway 279,1,4,0.0,2015-06-13
203,6/13/15,Georgia,Milledgeville,451 North Flynn Street,1,3,0.0,2015-06-13
204,6/13/15,New York,Bronx,2409 Creston Avenue,0,5,0.0,2015-06-13
205,6/13/15,Oklahoma,Oklahoma City,500 block of Se 69th St,0,4,0.0,2015-06-13
206,6/13/15,Ohio,Columbus,1623 E. Hudson Street,4,1,0.0,2015-06-13
207,6/12/15,Florida,Allapattah,24th Avenue and 36th Street,0,4,0.0,2015-06-12
208,6/11/15,Connecticut,Bridgeport,468 Trumbull Avenue,1,8,0.0,2015-06-11
209,6/11/15,Texas,Houston,3400 block of Burkett,1,3,0.0,2015-06-11
210,6/10/15,California,Los Angeles,South Vermont Avenue and West 88th Street,1,3,0.0,2015-06-10
211,6/9/15,Missouri,Saint Louis,North Market Street and North Spring Avenue,1,3,0.0,2015-06-09
212,6/7/15,Montana,Deer Lodge,Boulder Creek Road,5,0,0.0,2015-06-07
213,6/6/15,New York,Buffalo,100 block of Warren Avenue,1,4,0.0,2015-06-06
214,6/6/15,Illinois,Chicago,100 block of North Lorel Avenue,0,5,0.0,2015-06-06
215,6/5/15,Iowa,Davenport,900 block of West 3rd St,0,5,0.0,2015-06-05
216,6/5/15,Louisiana,New Orleans,2100 block of Governor Nicholls Street,1,3,0.0,2015-06-05
217,6/3/15,New York,Wyandanch,Davidson Street,3,1,0.0,2015-06-03
218,5/31/15,Ohio,Cleveland,16209 block of Laverne Avenue,3,1,0.0,2015-05-31
219,5/31/15,Maryland,Springdale,9222 Ardwick Ardmore Road,1,3,0.0,2015-05-31
220,5/31/15,Connecticut,New Haven,849 Chapel Street,0,5,0.0,2015-05-31
221,5/31/15,Georgia,Conyers,4669 Bell Road SE,3,2,0.0,2015-05-31
222,5/30/15,California,San Diego,4200 block of Market Street,0,4,0.0,2015-05-30
223,5/28/15,Nebraska,Omaha,84th and Q,0,4,0.0,2015-05-28
224,5/28/15,Illinois,Chicago,6200 block of South Honore Street,0,5,0.0,2015-05-28
225,5/28/15,Pennsylvania,Chester,2700 block of West 3rd Street,1,3,0.0,2015-05-28
226,5/26/15,Louisiana,New Orleans,6700 block of Tara Lane,2,2,0.0,2015-05-26
227,5/25/15,Illinois,Decatur,1816 N Water,1,4,0.0,2015-05-25
228,5/24/15,Massachusetts,Brockton,1002 Main St,0,5,0.0,2015-05-24
229,5/24/15,Michigan,Flint,W. 12th Street and Hammerberg Road.,0,7,0.0,2015-05-24
230,5/24/15,Alabama,Montgomery,Smiley Court,1,3,0.0,2015-05-24
231,5/24/15,Missouri,Saint Louis,2700 block of Dayton,0,4,0.0,2015-05-24
232,5/23/15,California,Fresno,2400 block of South 9th Street,2,2,0.0,2015-05-23
233,5/20/15,Maryland,Baltimore,800 block of Linwood Avenue,1,3,0.0,2015-05-20
234,5/18/15,Missouri,Kinloch,8000 block of School Way,0,4,0.0,2015-05-18
235,5/18/15,Florida,Miami,Northwest 75th Street and Northwest 16th Avenue,1,4,0.0,2015-05-18
236,5/17/15,Texas,Waco,4671 S Jack Kultgen Fwy,9,18,0.0,2015-05-17
237,5/16/15,Wisconsin,Milwaukee,28th Street and Auer Avenue,0,5,0.0,2015-05-16
238,5/16/15,New York,Rochester,188 Lewis Street,0,4,0.0,2015-05-16
239,5/16/15,Maryland,Baltimore,1700 block of North Broadway,0,5,0.0,2015-05-16
240,5/12/15,Maryland,Capitol Heights,Pard Road,1,4,0.0,2015-05-12
241,5/12/15,Arizona,Tucson,800 block of West Calle Medina Road,5,0,0.0,2015-05-12
242,5/10/15,Ohio,Cleveland,3600 block of Bosworth Rd,1,4,0.0,2015-05-10
243,5/10/15,New Jersey,Jersey City,Bostwick Avenue,0,4,0.0,2015-05-10
244,5/10/15,New Jersey,Newark,19th Avenue and South 16th Street,1,3,0.0,2015-05-10
245,5/7/15,Ohio,Cincinnati,2300 block of Baltimore Avenue,0,4,0.0,2015-05-07
246,5/7/15,Michigan,Detroit,16000 block of Cathedral Street,0,4,0.0,2015-05-07
247,5/4/15,New York,Buffalo,100 block of Roosevelt Avenue,1,3,0.0,2015-05-04
248,5/3/15,Indiana,South Bend,1600 block of South William Street,0,4,0.0,2015-05-03
249,5/3/15,Texas,Houston,San Jacinto at Elgin,0,6,0.0,2015-05-03
250,5/3/15,New York,Bronx,University Avenue,0,4,0.0,2015-05-03
251,5/3/15,Ohio,Dayton,2801 Germantown Street,1,6,0.0,2015-05-03
252,5/3/15,Wisconsin,Menasha,Friendship Trail,4,1,0.0,2015-05-03
253,5/1/15,Wisconsin,Milwaukee,3700 block of 37th Street,2,3,0.0,2015-05-01
254,4/27/15,New York,Brooklyn,1365 Flatbush Ave,2,4,0.0,2015-04-27
255,4/27/15,Arizona,Gila Bend,State Route 85,2,2,0.0,2015-04-27
256,4/25/15,New Jersey,Trenton,Wood Street,0,4,0.0,2015-04-25
257,4/25/15,New York,Gates,24 Hinchey Rd,1,6,0.0,2015-04-25
258,4/21/15,Texas,Killeen,420 Gilmer St.,2,3,0.0,2015-04-21
259,4/19/15,Virginia,Richmond,200 block of West Hill Street,0,4,0.0,2015-04-19
260,4/18/15,Alabama,Montgomery,1800 block of Gibbs Court,0,5,0.0,2015-04-18
261,4/18/15,Pennsylvania,Williamsport,321 Pine St,0,5,0.0,2015-04-18
262,4/18/15,North Carolina,Lumberton,Martin Luther King Drive,1,3,0.0,2015-04-18
263,4/18/15,North Carolina,Charlotte,Bost Street,0,4,0.0,2015-04-18
264,4/18/15,New Jersey,Paterson,Rosa Parks Blvd and Godwin Ave,1,3,0.0,2015-04-18
265,4/16/15,Arizona,Phoenix,4300 block of East Anderson Drive,5,0,0.0,2015-04-16
266,4/7/15,Georgia,Rome,20 Copeland Street,1,3,0.0,2015-04-07
267,4/5/15,Pennsylvania,Pittsburgh,Dinwiddie Street,1,3,0.0,2015-04-05
268,4/5/15,Kentucky,Louisville,40th and Grand Street,1,4,0.0,2015-04-05
269,4/5/15,Indiana,Indianapolis,5000 block of Wildflower Court,0,5,0.0,2015-04-05
270,4/5/15,Michigan,Benton Harbor,1000 block of Blossom Lane,0,4,0.0,2015-04-05
271,4/3/15,Florida,Daytona Beach,300 block of Henry Butts Drive,0,4,0.0,2015-04-03
272,4/2/15,Maryland,Baltimore,1900 block of West Lanvale Street,0,5,0.0,2015-04-02
273,3/27/15,Florida,Panama City Beach,5312 Thomas Drive,0,7,0.0,2015-03-27
274,3/26/15,Texas,Amarillo,3100 block of Redwood,0,4,0.0,2015-03-26
275,3/24/15,Indiana,Indianapolis,3100 block of North Harding Street,4,0,0.0,2015-03-24
276,3/23/15,Tennessee,Clarksville,900 block of Carpenter Street,1,4,0.0,2015-03-23
277,3/22/15,New Mexico,Albuquerque,10140 Lomas NE,1,6,0.0,2015-03-22
278,3/21/15,Florida,Tampa,1802 Seventh Ave,0,4,0.0,2015-03-21
279,3/20/15,Texas,Lancaster,1500 block of Reynolds Street,1,5,0.0,2015-03-20
280,3/18/15,New Jersey,Newark,200 block of Clinton Place,1,3,0.0,2015-03-18
281,3/18/15,Arizona,Mesa,1504 West Main Street,1,5,0.0,2015-03-18
282,3/17/15,California,Stockton,748 N Madison St,3,4,0.0,2015-03-17
283,3/15/15,California,Compton,2700 block of West Alondra Boulevard,0,4,0.0,2015-03-15
284,3/14/15,Georgia,Atlanta,2900 block of Delmar Lane,0,5,0.0,2015-03-14
285,3/14/15,California,Coachella,84000 block of Bagdad Avenue,0,4,0.0,2015-03-14
286,3/13/15,Mississippi,Brookhaven,1097 South First St.,2,3,0.0,2015-03-13
287,3/10/15,Georgia,Columbus,3023 Victory Drive,0,5,0.0,2015-03-10
288,3/9/15,Illinois,Chicago,200 block of West 105th,1,3,0.0,2015-03-09
289,3/8/15,South Carolina,Seneca,Wells Highway,1,3,0.0,2015-03-08
290,3/7/15,Missouri,Saint Louis,3140 Olive St,0,4,0.0,2015-03-07
291,3/4/15,California,San Bernardino,190 block of West Club Center Drive,2,5,0.0,2015-03-04
292,3/1/15,Florida,Orange County,4900 block of Steyr Street,0,4,0.0,2015-03-01
293,3/1/15,Michigan,Detroit,9855 Chalmers St,1,5,0.0,2015-03-01
294,2/28/15,Maryland,Baltimore,4300 block of Welbourne Road,1,3,0.0,2015-02-28
295,2/26/15,Missouri,Tyrone,18279 Highway H,8,1,0.0,2015-02-26
296,2/25/15,Texas,Houston,5022 Mallow St,3,1,0.0,2015-02-25
297,2/23/15,Florida,Daytona Beach,Sheridan Road,0,4,0.0,2015-02-23
298,2/22/15,Texas,Killeen,1706 Godman St.,4,1,0.0,2015-02-22
299,2/22/15,Georgia,Clarkesville,281 Lower Pond Court,3,2,0.0,2015-02-22
300,2/22/15,South Carolina,Charleston,4224 Dorchester Road,0,4,0.0,2015-02-22
301,2/20/15,California,Sacramento,1417 R Street,0,4,0.0,2015-02-20
302,2/17/15,Arkansas,Little Rock,7900 Scott Hamilton,1,3,0.0,2015-02-17
303,2/15/15,California,Long Beach,200 block of W. 14th Street,0,5,0.0,2015-02-15
304,2/9/15,Florida,New Port Richey,9552 Adler Street,3,1,0.0,2015-02-09
305,2/8/15,Tennessee,Friendship,251 Dupree Rd,0,6,0.0,2015-02-08
306,2/7/15,Georgia,Douglasville,3640 Willow Tree Circle,5,2,0.0,2015-02-07
307,2/6/15,Oklahoma,Tulsa,1219 N. Sheridan Road,1,4,0.0,2015-02-06
308,2/5/15,Ohio,Beachwood (Warrensville Heights),Harvard Road,3,3,0.0,2015-02-05
309,2/1/15,New York,Syracuse,1217 West Fayette Street,0,6,0.0,2015-02-01
310,2/1/15,New York,New York (Manhattan),3345 Broadway,1,4,0.0,2015-02-01
311,1/31/15,Georgia,Lagrange,100 block of Woodstream Trail,4,0,0.0,2015-01-31
312,1/28/15,Georgia,Dekalb County,1600 block of Panola Road,1,3,0.0,2015-01-28
313,1/26/15,California,Stockton,1500 block of E. 9th Street,1,3,0.0,2015-01-26
314,1/24/15,New York,Arverne (Queens),231-11 148th Avenue,4,1,0.0,2015-01-24
315,1/24/15,Nebraska,Omaha,3402 Parker St,3,5,0.0,2015-01-24
316,1/23/15,Massachusetts,Boston,954 Parker Street,0,6,0.0,2015-01-23
317,1/20/15,Tennessee,Clarksville,321 Lansinger Lane,1,3,0.0,2015-01-20
318,1/19/15,Texas,San Antonio,1000 block of Gibbs St.,2,5,0.0,2015-01-19
319,1/13/15,Illinois,Rockford,700 block of Oakley Avenue,2,2,0.0,2015-01-13
320,1/13/15,Virginia,Portsmouth,4100 block of Portsmouth Boulevard,0,5,0.0,2015-01-13
321,1/11/15,North Carolina,Hope Mills,1900 block of Gumberry Road,2,5,0.0,2015-01-11
322,1/11/15,Florida,Lakeland,7665 Chase Road,1,3,0.0,2015-01-11
323,1/11/15,California,San Jose,3840 Monterey Hwy,0,5,0.0,2015-01-11
324,1/10/15,Kansas,Wichita,4859 E Harry Street,2,2,0.0,2015-01-10
325,1/9/15,California,San Francisco,Laguna and Page streets,4,0,0.0,2015-01-09
326,1/8/15,Massachusetts,Boston,104 Harrishof Street,1,3,0.0,2015-01-08
327,1/7/15,Tennessee,Chattanooga,773 West Main Street,1,3,0.0,2015-01-07
328,1/6/15,Florida,Miami,1300 block of NW 62nd Street,1,3,0.0,2015-01-06
329,1/4/15,Virginia,Roanoke,3634 Shenandoah Ave NW,2,4,0.0,2015-01-04
330,1/4/15,Texas,Dallas,2000 block of Ben Hur St.,3,1,0.0,2015-01-04
331,1/2/15,Georgia,Savannah,500 block of W. 54th Street,1,4,0.0,2015-01-02
332,1/1/15,Tennessee,Memphis,Interstate 240 and Poplar Avenue,0,5,0.0,2015-01-01
0,12/31/16,Georgia,Lenox (El Dorado),27 Briarwood Ct,2,2,0.0,2016-12-31
1,12/31/16,Texas,Houston,3704 Fannin Street,1,3,0.0,2016-12-31
2,12/30/16,Ohio,Mansfield,3230 Possum Run Rd,0,5,0.0,2016-12-30
3,12/30/16,Connecticut,Wallingford,95 S Turnpike Road,2,2,0.0,2016-12-30
4,12/28/16,Georgia,Columbus,2914 10th Street,1,4,0.0,2016-12-28
5,12/25/16,Alabama,Ozark,858 US-231,0,4,0.0,2016-12-25
6,12/25/16,Illinois,Chicago,8600 block of South Maryland Avenue,3,4,0.0,2016-12-25
7,12/25/16,New York,Mount Vernon,4 North 3rd Avenue,1,5,0.0,2016-12-25
8,12/24/16,North Carolina,Madison,490 K Ford Rd,0,7,0.0,2016-12-24
9,12/24/16,North Carolina,Wilson,2241 Banks Lane East,4,0,0.0,2016-12-24
10,12/23/16,Alabama,Birmingham,3813 Richard Arrington Boulevard North,1,3,0.0,2016-12-23
11,12/23/16,Illinois,Chicago,4900 block of West Hubbard,0,4,0.0,2016-12-23
12,12/17/16,North Carolina,Charlotte,4115 N. Tryon Street,0,4,0.0,2016-12-17
13,12/17/16,Illinois,Chicago (Roseland),100 block of West 105th Street,5,0,0.0,2016-12-17
14,12/16/16,Illinois,Chicago,4300 block of South Rockwell,2,2,0.0,2016-12-16
15,12/16/16,Illinois,Chicago,13th and South Kedzie,0,4,0.0,2016-12-16
16,12/12/16,California,Sacramento,4800 block of Myrtle Avenue,1,3,0.0,2016-12-12
17,12/11/16,New York,Brooklyn,192 Knickerbocker Ave,0,4,0.0,2016-12-11
18,12/11/16,Florida,Orlando (Pine Hills),4305 N Pine Hills Rd,1,4,0.0,2016-12-11
19,12/11/16,Maryland,Baltimore,3916 South Hanover Street,0,5,0.0,2016-12-11
20,12/11/16,North Carolina,Rocky Mount,1200 block of East Highland Ave,0,4,0.0,2016-12-11
21,12/9/16,Texas,Channelview,15300 block of Market,4,0,0.0,2016-12-09
22,12/9/16,California,Fresno,842 Fresno Street,0,4,0.0,2016-12-09
23,12/5/16,New Mexico,Albuquerque,1532 Stagecoach Lane,4,1,0.0,2016-12-05
24,12/3/16,California,Los Angeles,91st Street and Western Avenue,0,6,0.0,2016-12-03
25,12/2/16,New Jersey,Bloomfield,3 1st Ave,0,6,0.0,2016-12-02
26,12/1/16,California,Clearlake Oaks,0,1,3,0.0,2016-12-01
27,11/30/16,Maryland,Baltimore,2901 Garrison Blvd,2,4,0.0,2016-11-30
28,11/28/16,Texas,Mission (Palmview),1840 West Palma Vista Drive,1,3,0.0,2016-11-28
29,11/28/16,California,Wilmington,1067 McDonald Avenue,0,4,0.0,2016-11-28
30,11/28/16,California,San Pedro,300 block of West 2nd Street,0,4,0.0,2016-11-28
31,11/27/16,Louisiana,New Orleans,100 block of Bourbon Street,1,9,0.0,2016-11-27
32,11/27/16,Missouri,Kansas City,Gregory and Prospect,0,7,0.0,2016-11-27
33,11/26/16,Illinois,Chicago,8800 block of S Exchange Ave,1,5,0.0,2016-11-26
34,11/25/16,Louisiana,New Orleans,Magnolia Street and Felicity Street,0,4,0.0,2016-11-25
35,11/24/16,Kentucky,Louisville,4501 W Broadway,2,4,0.0,2016-11-24
36,11/24/16,New York,Albany,77 Central Ave,1,3,0.0,2016-11-24
37,11/23/16,Mississippi,Olive Branch,928 Cross Road,0,4,0.0,2016-11-23
38,11/22/16,Florida,Clewiston,1068 Harlem Academy Avenue,1,4,0.0,2016-11-22
39,11/18/16,Illinois,Chicago,5000 block of West Wabansia,0,4,0.0,2016-11-18
40,11/17/16,Tennessee,Dyersburg,160 Longfellow,1,7,0.0,2016-11-17
41,11/13/16,Florida,Jacksonville,5105 Cleveland Rd,3,2,0.0,2016-11-13
42,11/13/16,Texas,San Antonio,8000 Midcrown,0,4,0.0,2016-11-13
43,11/13/16,California,San Diego,3800 block of Marlborough Avenue,3,2,0.0,2016-11-13
44,11/13/16,Florida,Orlando,Conley Street and South Ivey Lane,0,4,0.0,2016-11-13
45,11/12/16,California,Sacramento,8600 block of Ardith Drive,1,5,0.0,2016-11-12
46,11/12/16,Missouri,Kansas City,21st St and Cleveland Ave,1,3,0.0,2016-11-12
47,11/12/16,Connecticut,Bridgeport,2500 Park Avenue,0,5,0.0,2016-11-12
48,11/11/16,Texas,Houston,7705 Channelside Street,0,4,0.0,2016-11-11
49,11/10/16,Texas,Houston,6610 S Sam Houston Pkwy W,1,3,0.0,2016-11-10
50,11/9/16,Washington,Seattle,1524 3rd Ave,0,5,0.0,2016-11-09
51,11/9/16,Illinois,Chicago,3400 block of W Monroe,1,3,0.0,2016-11-09
52,11/9/16,Tennessee,Memphis,1800 block of East Brooks Road,0,4,0.0,2016-11-09
53,11/5/16,Florida,Fort Lauderdale (Lauderhill),3135 West Broward Boulevard,1,3,0.0,2016-11-05
54,11/5/16,Texas,San Antonio,10726 Perrin Beitel Rd,0,4,0.0,2016-11-05
55,11/5/16,South Carolina,Myrtle Beach,803 Main St,0,5,0.0,2016-11-05
56,11/5/16,California,Oakland,420 14th Street,0,8,0.0,2016-11-05
57,11/5/16,Illinois,Chicago,4800 block of North Winthrop,0,5,0.0,2016-11-05
58,11/4/16,Pennsylvania,Philadelphia,5451 Springfield Ave,0,4,0.0,2016-11-04
59,11/3/16,Illinois,Chicago,8000 block of S Shore Dr,2,2,0.0,2016-11-03
60,11/3/16,New Jersey,Orange,234 Cleveland Street,2,2,0.0,2016-11-03
61,11/2/16,Arkansas,Little Rock,2111 Bragg Street,1,4,0.0,2016-11-02
62,11/1/16,Tennessee,Memphis,5200 block of Zodiac Rd,1,5,0.0,2016-11-01
63,10/31/16,Louisiana,Shreveport,700 Block of W 68th St,0,4,0.0,2016-10-31
64,10/30/16,Ohio,Toledo,742 Junction Ave,0,4,0.0,2016-10-30
65,10/30/16,New York,New York (Manhattan),135 Ridge Street,0,4,0.0,2016-10-30
66,10/30/16,New York,Newburgh,119 First Street,2,5,0.0,2016-10-30
67,10/30/16,Maryland,Capitol Heights,6860 Walker Mill Road,3,3,0.0,2016-10-30
68,10/30/16,Texas,San Antonio,2900 block of Aspen Meadow,0,5,0.0,2016-10-30
69,10/29/16,Ohio,Dayton,2010 Cornell Ridge Dr,1,3,0.0,2016-10-29
70,10/29/16,California,Los Angeles,1600 block of Century Boulevard,0,5,0.0,2016-10-29
71,10/29/16,California,Riverside,3500 block of Madison Street,0,4,0.0,2016-10-29
72,10/28/16,Mississippi,Jackson,200 block of Lorenz Blvd,0,6,0.0,2016-10-28
73,10/28/16,Florida,Miami Gardens,Northwest 173rd Terrace and 27th Avenue,0,4,0.0,2016-10-28
74,10/27/16,Georgia,Jackson,600 block of Moccasin Gap Road,4,0,0.0,2016-10-27
75,10/25/16,Ohio,Dayton,3300 block of Riverside Dr,1,3,0.0,2016-10-25
76,10/25/16,Virginia,Roanoke,830 Campbell Avenue Southeast,2,3,0.0,2016-10-25
77,10/23/16,Oklahoma,Wellston,Highway 66 and N 3310 Rd,1,5,0.0,2016-10-23
78,10/22/16,California,Oakland,77th and Bancroft Avenues,0,7,0.0,2016-10-22
79,10/18/16,California,San Francisco,325 La Grande Ave,0,4,0.0,2016-10-18
80,10/17/16,Illinois,Chicago (Englewood),6700 block of South Winchester,1,4,0.0,2016-10-17
81,10/15/16,Alabama,Mobile,1800 block of St Stephens Road,0,5,0.0,2016-10-15
82,10/15/16,Illinois,Rockford,7801 East State St,1,5,0.0,2016-10-15
83,10/15/16,California,Los Angeles,2918 Rimpau Blvd,4,11,0.0,2016-10-15
84,10/14/16,Illinois,Chicago,3300 block of W Maypole Ave,1,6,0.0,2016-10-14
85,10/13/16,Illinois,Chicago,2700 block of West Lexington,0,4,0.0,2016-10-13
86,10/9/16,Michigan,Grand Rapids,1850 28th Street SE,1,8,0.0,2016-10-09
87,10/9/16,California,Sacramento,1696 Arden Way,1,3,0.0,2016-10-09
88,10/8/16,New York,Brooklyn,7301 3rd Ave,0,4,0.0,2016-10-08
89,10/4/16,Louisiana,New Orleans,3727 Ulloa Street,3,2,0.0,2016-10-04
90,10/3/16,Minnesota,Minneapolis,Fourth St and Hennepin Ave,0,4,0.0,2016-10-03
91,10/2/16,Texas,San Antonio,2600 South Flores Street,1,4,0.0,2016-10-02
92,10/1/16,Illinois,Pembroke Township,17250E Road,4,0,0.0,2016-10-01
93,10/1/16,California,Fresno,3200 block of East Clay Avenue,0,4,0.0,2016-10-01
94,9/29/16,California,San Francisco,400 block of Ellis Street,1,3,0.0,2016-09-29
95,9/26/16,North Carolina,Winston Salem (Winston-salem),100 block of 5 Royales Dr,0,4,0.0,2016-09-26
96,9/26/16,Texas,Humble,21219 Grand Linden Ct,0,4,0.0,2016-09-26
97,9/26/16,Texas,Houston,5450 Weslayan St,1,6,0.0,2016-09-26
98,9/25/16,Illinois,Champaign,300 block of E. Green St,1,3,0.0,2016-09-25
99,9/24/16,Maryland,Baltimore,Greenmount Avenue and Preston Street,0,8,0.0,2016-09-24
100,9/23/16,Washington,Burlington,201 Cascade Mall Dr,5,0,0.0,2016-09-23
101,9/18/16,Pennsylvania,Philadelphia,3001 Castor Avenue,0,4,0.0,2016-09-18
102,9/18/16,Virginia,Lynchburg,421 Rivermont Ave,1,3,0.0,2016-09-18
103,9/18/16,Pennsylvania,Pittsburgh,1700 block of Brighton Place,0,4,0.0,2016-09-18
104,9/17/16,Florida,Miami,20582 SW 119th Ave,0,6,0.0,2016-09-17
105,9/17/16,Florida,Orlando,3918 Columbia St,1,6,0.0,2016-09-17
106,9/17/16,Indiana,Indianapolis,2016 West 76th Street,2,2,0.0,2016-09-17
107,9/17/16,District of Columbia,Washington,2600 block of Birney Place SE,2,7,0.0,2016-09-17
108,9/16/16,Pennsylvania,Philadelphia,5100 block of Sansom St,2,5,0.0,2016-09-16
109,9/16/16,California,Los Angeles (Hollywood),555 N Heliotrope Dr,2,2,0.0,2016-09-16
110,9/14/16,Texas,Humble,16000 block of Saybrook,1,3,0.0,2016-09-14
111,9/13/16,Indiana,Fort Wayne,1723 E Wayne St,3,2,0.0,2016-09-13
112,9/11/16,Indiana,Fort Wayne,3006 Holton Avenue,3,1,0.0,2016-09-11
113,9/11/16,Louisiana,New Orleans,2349 S Claiborne Ave,1,5,0.0,2016-09-11
114,9/11/16,New Jersey,Jersey City,87 Van Wagenen Ave,1,3,0.0,2016-09-11
115,9/11/16,Missouri,Kansas City,500 block of Westport Rd,0,6,0.0,2016-09-11
116,9/11/16,Michigan,Saginaw,2207 Pierce Road,0,5,0.0,2016-09-11
117,9/11/16,North Carolina,New Bern,1100 block of Highway 70,0,5,0.0,2016-09-11
118,9/10/16,Florida,Miami,3451 Northwest 36 Street,1,3,0.0,2016-09-10
119,9/8/16,Texas,Del Valle,8330 Linden Rd,4,0,0.0,2016-09-08
120,9/8/16,Arkansas,Hot Springs National Park (Hot Springs),300 block of Lacey St,1,4,0.0,2016-09-08
121,9/5/16,Illinois,Chicago,2700 block of W Lexington Ave,2,3,0.0,2016-09-05
122,9/5/16,Pennsylvania,Reading,600 block of Moss Street,0,4,0.0,2016-09-05
123,9/4/16,Virginia,Roanoke,1020 Orange Ave NE,1,10,0.0,2016-09-04
124,9/3/16,Illinois,Chicago,100 block of North Seeley Avenue,0,4,0.0,2016-09-03
125,9/3/16,North Carolina,Wilmington,600 block of North 30th Street,1,3,0.0,2016-09-03
126,8/30/16,Georgia,Atlanta,400 Merritts Avenue NE,0,4,0.0,2016-08-30
127,8/30/16,Illinois,Chicago (Englewood),6800 block of South Ashland,0,4,0.0,2016-08-30
128,8/29/16,New Jersey,Egg Harbor City,907 White Horse Pike,1,5,0.0,2016-08-29
129,8/29/16,California,Temecula,41450 Cruz Way,5,0,0.0,2016-08-29
130,8/28/16,Texas,Lubbock,2200 block of 17th St,0,6,0.0,2016-08-28
131,8/28/16,New York,Bronx,514 E 156th St,0,4,0.0,2016-08-28
132,8/28/16,Missouri,Saint Louis,S Grand Blvd and Montana St,2,2,0.0,2016-08-28
133,8/28/16,Alabama,Dadeville,512 E Columbus St,0,5,0.0,2016-08-28
134,8/27/16,Alabama,Bessemer (Brighton),3810 7th Ave,1,6,0.0,2016-08-27
135,8/27/16,Florida,Miami,1900 block of NW 83rd Terr,2,4,0.0,2016-08-27
136,8/25/16,New Jersey,Bridgeton,Marion Street,0,5,0.0,2016-08-25
137,8/21/16,Connecticut,Bridgeport,19 Plymouth St,0,13,0.0,2016-08-21
138,8/21/16,Massachusetts,Boston,Westview and Stratton Street,0,4,0.0,2016-08-21
139,8/20/16,Washington,Tacoma,900 block of Pacific Avenue,0,5,0.0,2016-08-20
140,8/20/16,Connecticut,Hamden,903 Dixwell Ave,0,4,0.0,2016-08-20
141,8/20/16,Alabama,Citronelle,Jim Platt Road,5,0,0.0,2016-08-20
142,8/18/16,Connecticut,Waterbury,402 E Main Street,0,4,0.0,2016-08-18
143,8/17/16,California,Oakland,Mandela Parkway,0,4,0.0,2016-08-17
144,8/14/16,Virginia,Norfolk,1600 block of Selden Avenue,0,4,0.0,2016-08-14
145,8/14/16,Minnesota,Minneapolis,1717 Plymouth Ave N,0,5,0.0,2016-08-14
146,8/13/16,California,Los Angeles,6300 block of 11th Avenue,0,4,0.0,2016-08-13
147,8/13/16,Wisconsin,Milwaukee,4001 West Fond Du Lac Ave,2,2,0.0,2016-08-13
148,8/13/16,New York,Richmond Hill,Jamaica Ave and 105th St,0,4,0.0,2016-08-13
149,8/13/16,Missouri,Joplin,1800 Connecticut Ave,0,4,0.0,2016-08-13
150,8/12/16,Florida,Jacksonville,100 block of West 38th Street,1,3,0.0,2016-08-12
151,8/12/16,Texas,Dallas,10921 Estate Ln,1,3,0.0,2016-08-12
152,8/11/16,Pennsylvania,Philadelphia,500 block of E Ashmead St,0,4,0.0,2016-08-11
153,8/10/16,Illinois,Evanston,Foster Street and Jackson Avenue,0,4,0.0,2016-08-10
154,8/10/16,California,Sacramento,4000 Green Tree Drive,1,3,0.0,2016-08-10
155,8/8/16,New Mexico,Albuquerque,341 General Marshall Street NE,2,2,0.0,2016-08-08
156,8/8/16,Florida,Jacksonville,1214 Labelle St,0,7,0.0,2016-08-08
157,8/7/16,California,Los Angeles,5925 South Figueroa Street,1,3,0.0,2016-08-07
158,8/7/16,Mississippi,Vicksburg,4460 Clay St,1,3,0.0,2016-08-07
159,8/7/16,Colorado,Arvada,5400 block of Sheridan Boulevard,2,2,0.0,2016-08-07
160,8/7/16,Illinois,Chicago,100 block of South Springfield,0,4,0.0,2016-08-07
161,8/6/16,Pennsylvania,Reading (Sinking Spring),51 Winding Brook Drive,5,0,0.0,2016-08-06
162,8/5/16,Michigan,Pontiac,70 block of Thorpe Street,1,3,0.0,2016-08-05
163,8/5/16,California,Perris,21600 block of Rider St,2,2,0.0,2016-08-05
164,8/4/16,Tennessee,Memphis,Ayers Street and Griffith Avenue,0,4,0.0,2016-08-04
165,8/3/16,Georgia,Decatur,4110 Glenwood Road,1,3,0.0,2016-08-03
166,8/2/16,Florida,Hollywood (West Park),5700 block of Hallandale Beach Blvd,0,4,0.0,2016-08-02
167,8/1/16,Indiana,Evansville,South Bedford Avenue,0,4,0.0,2016-08-01
168,7/31/16,Florida,Miami,Southwest 203rd Terrace and 115th Avenue,3,1,0.0,2016-07-31
169,7/31/16,Texas,Austin,208 E 6th St,1,4,0.0,2016-07-31
170,7/30/16,Missouri,Saint Louis,5000 block of Kensington Ave,0,5,0.0,2016-07-30
171,7/30/16,Georgia,Townsend (Eulonia),14699 Highway 17,0,5,0.0,2016-07-30
172,7/30/16,Washington,Mukilteo,10009 Chennault Beach,3,1,0.0,2016-07-30
173,7/29/16,Georgia,Athens,Trail Creek St,0,7,0.0,2016-07-29
174,7/28/16,New York,Elmira,303 College Ave,0,5,0.0,2016-07-28
175,7/28/16,Maryland,Baltimore,Greenmount Avenue,0,4,0.0,2016-07-28
176,7/28/16,Illinois,Chicago,800 block of West 50th Place,2,2,0.0,2016-07-28
177,7/25/16,Florida,Fort Myers,3580 Evans Ave,2,19,0.0,2016-07-25
178,7/24/16,Ohio,Hamilton,1555 Main St,1,7,0.0,2016-07-24
179,7/23/16,South Carolina,North Charleston,3630 Ashley Phosphate Road,0,4,0.0,2016-07-23
180,7/23/16,New York,Brooklyn,Fountain Avenue,0,4,0.0,2016-07-23
181,7/23/16,Ohio,Cincinnati,3400 block of Beekman Street,2,2,0.0,2016-07-23
182,7/23/16,Texas,Bastrop,202 Childers Drive,4,1,0.0,2016-07-23
183,7/22/16,Illinois,Kankakee,300 block of North Wildwood Avenue,0,5,0.0,2016-07-22
184,7/21/16,Illinois,Chicago,4400 block of South Leamington,0,5,0.0,2016-07-21
185,7/20/16,California,Fresno,Hedges at Peach and Olive,0,4,0.0,2016-07-20
186,7/19/16,Arkansas,West Memphis,13th Street and Tyler Avenue,0,4,0.0,2016-07-19
187,7/17/16,Louisiana,Baton Rouge,9611 Airline Highway,4,3,0.0,2016-07-17
188,7/17/16,Texas,Houston,6610 Tidwell,1,3,0.0,2016-07-17
189,7/17/16,Michigan,Detroit,Grand River and McGraw avenue,0,4,0.0,2016-07-17
190,7/16/16,Texas,Dallas,6300 block of Benavides Drive,0,5,0.0,2016-07-16
191,7/16/16,Ohio,Cleveland,5000 block of Euclid Avenue,0,5,0.0,2016-07-16
192,7/16/16,California,San Bernardino,1200 block of West 25th Street,0,4,0.0,2016-07-16
193,7/16/16,California,Bakersfield,621 Stephens Drive,1,14,0.0,2016-07-16
194,7/16/16,Tennessee,Clarksville,1348 College Street,0,6,0.0,2016-07-16
195,7/15/16,Washington,Woodland,4006 NW 417th Street,3,1,0.0,2016-07-15
196,7/14/16,Texas,Crosby,400 block of Pecan Avenue,3,1,0.0,2016-07-14
197,7/14/16,California,Oakland,1600 block of 7th Street,0,4,0.0,2016-07-14
198,7/14/16,Ohio,Akron,900 block of Moeller Avenue,1,3,0.0,2016-07-14
199,7/13/16,Georgia,Warner Robins,105 Magnolia Avenue,0,5,0.0,2016-07-13
200,7/13/16,Missouri,Saint Louis,3000 block of Miami St,2,2,0.0,2016-07-13
201,7/11/16,Maryland,Baltimore,1800 block of W. North Avenue,0,5,0.0,2016-07-11
202,7/11/16,Michigan,Jackson,500 block of Summit Avenue,0,4,0.0,2016-07-11
203,7/11/16,Michigan,Saint Joseph,811 Port St,3,2,0.0,2016-07-11
204,7/11/16,District of Columbia,Washington,"5100 block of Call Pl., SE",0,4,0.0,2016-07-11
205,7/7/16,Tennessee,Bristol,536 Volunteer Parkway,1,4,0.0,2016-07-07
206,7/7/16,Texas,Dallas,800 Main St,5,9,0.0,2016-07-07
207,7/7/16,Louisiana,Baton Rouge,2136 North Lobdell Avenue,0,4,0.0,2016-07-07
208,7/5/16,California,Los Angeles,56th Street and Naomi Avenue,0,4,0.0,2016-07-05
209,7/4/16,Pennsylvania,Pittsburgh,Seventh  Ave and Liberty Ave,0,4,0.0,2016-07-04
210,7/4/16,Illinois,Chicago (Englewood),5500 block of South Hermitage Avenue,0,4,0.0,2016-07-04
211,7/4/16,New York,Brooklyn,419 Chauncey Street,0,7,0.0,2016-07-04
212,7/4/16,Ohio,Cleveland,1400 block of W. 107 Street,0,4,0.0,2016-07-04
213,7/4/16,Texas,Houston,1300 block of Robin,3,2,0.0,2016-07-04
214,7/4/16,Arizona,Phoenix,4000 block of West Southern Avenue,2,6,0.0,2016-07-04
215,7/3/16,Louisiana,Monroe,401 Lea Joyner Memorial Expy,2,3,0.0,2016-07-03
216,7/3/16,Tennessee,Chattanooga,2300 block of Daisy Street,0,4,0.0,2016-07-03
217,6/30/16,Illinois,Chicago,9500 block of South Loomis Street,1,4,0.0,2016-06-30
218,6/29/16,Nevada,Las Vegas,6100 block of West Lake Mead Boulevard,5,0,0.0,2016-06-29
219,6/28/16,California,Los Angeles,13800 block of S Avalon Boulevard,1,3,0.0,2016-06-28
220,6/28/16,Illinois,Chicago,1600 block of South Christiana,0,4,0.0,2016-06-28
221,6/27/16,Oregon,Woodburn,13436 Killiam Loop NE,3,1,0.0,2016-06-27
222,6/26/16,South Carolina,Bennettsville,Highway 38 N,0,4,0.0,2016-06-26
223,6/26/16,Georgia,Atlanta,1500 block of Moreland Avenue SE,1,4,0.0,2016-06-26
224,6/26/16,Texas,Houston,6000 block of Elm Street,1,3,0.0,2016-06-26
225,6/26/16,Texas,Corpus Christi,Baldwin Blvd  and Lamar,0,4,0.0,2016-06-26
226,6/26/16,North Carolina,Charlotte,2240 Camp Greene St.,0,5,0.0,2016-06-26
227,6/25/16,Texas,Fort Worth,2466 East Lancaster Avenue,2,5,0.0,2016-06-25
228,6/25/16,Virginia,Norfolk,700 block of Craig Street,0,4,0.0,2016-06-25
229,6/25/16,Illinois,Chicago,1400 block of W. 114th Place,0,4,0.0,2016-06-25
230,6/24/16,Kansas,Kansas City,N. 3rd and Walker,0,4,0.0,2016-06-24
231,6/24/16,Connecticut,Hartford,Brook and Winter Street,0,5,0.0,2016-06-24
232,6/24/16,Maryland,District Heights,3100 block of Orleans Ave,3,2,0.0,2016-06-24
233,6/22/16,Washington,Olympia,500 block of Dutterow Road SE,3,1,0.0,2016-06-22
234,6/22/16,Georgia,Dekalb (county),Lancashire Drive and Central Drive,1,4,0.0,2016-06-22
235,6/22/16,Illinois,Chicago,3100 block of West Warren,0,4,0.0,2016-06-22
236,6/21/16,New Jersey,Willingboro,Mosshill Lane,0,4,0.0,2016-06-21
237,6/21/16,Kentucky,Louisville,2802 Rodman Street,2,2,0.0,2016-06-21
238,6/19/16,Virginia,Roanoke,2328 Melrose Avenue,0,4,0.0,2016-06-19
239,6/18/16,Virginia,Exmore,Fredrick Douglas Road,1,3,0.0,2016-06-18
240,6/18/16,Georgia,Waycross,2625 Arnold Ct,2,2,0.0,2016-06-18
241,6/18/16,Illinois,Chicago,East 79th Street and South Escanaba Avenue,0,4,0.0,2016-06-18
242,6/14/16,Delaware,Wilmington,South Van Buren and Elm streets,0,4,0.0,2016-06-14
243,6/14/16,California,Oakland,1301 Franklin Street,1,3,0.0,2016-06-14
244,6/13/16,California,Fresno,East El Monte Way and Recreation Avenue,0,4,0.0,2016-06-13
245,6/13/16,New York,Brooklyn,Avenue D and E. 57th,0,5,0.0,2016-06-13
246,6/13/16,Illinois,Chicago,3200 block of West Congress,0,5,0.0,2016-06-13
247,6/12/16,Florida,Orlando,1912 S Orange Avenue,50,53,0.0,2016-06-12
248,6/11/16,New Mexico,Roswell,2300 block of Davis Ave,5,0,0.0,2016-06-11
249,6/11/16,Minnesota,Webster,4000 block of Elmore Avenue,0,4,0.0,2016-06-11
250,6/11/16,California,Stockton,Alvarado Avenue,1,3,0.0,2016-06-11
251,6/11/16,California,Panorama City,8500 block of Cedros Avenue,3,2,0.0,2016-06-11
252,6/11/16,North Carolina,Charlotte,4000 block of Collegiate Avenue,1,3,0.0,2016-06-11
253,6/9/16,Florida,Fort Walton Beach,Landview Drive,0,4,0.0,2016-06-09
254,6/8/16,District of Columbia,Washington,North Capitol Street and New York Avenue NW,0,4,0.0,2016-06-08
255,6/8/16,Massachusetts,Boston,66 Washington St,1,3,0.0,2016-06-08
256,6/6/16,California,Visalia,33 60 South Fairway Street,0,4,0.0,2016-06-06
257,6/5/16,Minnesota,Minneapolis,8th and Humboldt Avenue N.,0,4,0.0,2016-06-05
258,6/5/16,Florida,Cape Coral,2600 block of Skyline Boulevard S,3,3,0.0,2016-06-05
259,6/5/16,Arizona,Phoenix,8152 N Black Canyon Hwy,2,4,0.0,2016-06-05
260,6/5/16,New York,Brooklyn,Mermaid Ave and 16th St.,0,4,0.0,2016-06-05
261,6/4/16,Colorado,Denver,3600 block of Hudson Street,3,1,0.0,2016-06-04
262,5/31/16,Illinois,Chicago,3300 block of West Huron Street,0,4,0.0,2016-05-31
263,5/31/16,Indiana,Fort Wayne,6600 block of Pawawna Drive,0,4,0.0,2016-05-31
264,5/30/16,Maryland,Baltimore,500 block of East 43rd Street,0,5,0.0,2016-05-30
265,5/30/16,California,Sacramento,3900 block of 44th,0,5,0.0,2016-05-30
266,5/29/16,Nevada,Las Vegas,200 block of N 3rd St,0,4,0.0,2016-05-29
267,5/29/16,New Jersey,Trenton,600 block of Martin Luther King Jr. Boulevard,0,6,0.0,2016-05-29
268,5/29/16,Indiana,Indianapolis,300 block of South Meridian Street,0,4,0.0,2016-05-29
269,5/29/16,Texas,Houston,13210 Memorial Drive,2,6,0.0,2016-05-29
270,5/23/16,New Jersey,Newark,102 Isabella Avenue,0,5,0.0,2016-05-23
271,5/22/16,Louisiana,New Orleans,8639 Apple St,0,4,0.0,2016-05-22
272,5/22/16,California,Stockton,Poplar and Sutter Streets,1,3,0.0,2016-05-22
273,5/22/16,Tennessee,Nashville,100 block of Rains Avenue,0,4,0.0,2016-05-22
274,5/21/16,Georgia,Jackson,Levi Barnes Road,1,3,0.0,2016-05-21
275,5/18/16,Indiana,Indianapolis,34th Street and North Keystone Avenue,0,4,0.0,2016-05-18
276,5/17/16,South Carolina,Ravenel,5360 Savannah Highway,3,1,0.0,2016-05-17
277,5/15/16,Indiana,Evansville,420 North Garvin Street,0,4,0.0,2016-05-15
278,5/15/16,Georgia,Moultrie,Rossman Dairy Road,5,0,0.0,2016-05-15
279,5/14/16,Georgia,Atlanta,Cordova and Peoples Street,0,5,0.0,2016-05-14
280,5/14/16,West Virginia,Charleston,2337 Washington St W,1,3,0.0,2016-05-14
281,5/11/16,Alabama,Birmingham,1400 block of 21st Street N,1,4,0.0,2016-05-11
282,5/11/16,Illinois,Chicago,7100 block of South State Street,0,5,0.0,2016-05-11
283,5/8/16,Texas,Austin,8600 block of North Lamar,1,3,0.0,2016-05-08
284,5/6/16,Michigan,Detroit,12300 block of Gratiot,1,4,0.0,2016-05-06
285,5/6/16,Alabama,Montgomery,1300 block of Clay Street,1,3,0.0,2016-05-06
286,5/6/16,Maryland,Bethesda,7101 Democracy Blvd,3,3,0.0,2016-05-06
287,5/5/16,Louisiana,Shreveport,300 block of North Thomas Drive,2,6,0.0,2016-05-05
288,5/5/16,Florida,Miami,2108 NW 19th Terrace,1,3,0.0,2016-05-05
289,5/4/16,Minnesota,Minneapolis,16th Avenue North and Newton Avenue North,1,7,0.0,2016-05-04
290,5/1/16,Tennessee,Murfreesboro,1955 Old Castle Drive,0,5,0.0,2016-05-01
291,4/29/16,Missouri,Saint Louis (Ferguson),400 block of N Dade Ave,0,4,0.0,2016-04-29
292,4/29/16,California,Oakland,3200 block of San Pablo Avenue,0,5,0.0,2016-04-29
293,4/27/16,Louisiana,Baton Rouge,4300  Block of Kerrit Dr,2,2,0.0,2016-04-27
294,4/27/16,Mississippi,Kilmichael,Pecan Drive,3,1,0.0,2016-04-27
295,4/26/16,Maryland,District Heights (Forestville),6500 block of Hil-Mar Drive,1,4,0.0,2016-04-26
296,4/25/16,Tennessee,Nashville,400 Charlotte Avenue,0,4,0.0,2016-04-25
297,4/25/16,Florida,Miami,1506 Northwest 70th Street,0,5,0.0,2016-04-25
298,4/24/16,Virginia,Halifax,1055 L P Bailey Memorial Hwy,0,5,0.0,2016-04-24
299,4/24/16,Illinois,Chicago (Englewood),2000 block of West 68th Place,2,3,0.0,2016-04-24
300,4/24/16,Colorado,Denver,1400 block of 14th Street,0,4,0.0,2016-04-24
301,4/23/16,Nevada,Las Vegas,1650 South Hollywood Boulevard,1,3,0.0,2016-04-23
302,4/23/16,Alabama,Auburn,1200 block of Lee Road 83,3,1,0.0,2016-04-23
303,4/23/16,Kansas,Topeka,3732 S.W. Topeka Boulevard,1,4,0.0,2016-04-23
304,4/23/16,New York,New York (Manhattan),West 141st Street and Edgecombe Avenue,0,4,0.0,2016-04-23
305,4/22/16,Ohio,Piketon,4077 Union Hill Road,8,0,0.0,2016-04-22
306,4/22/16,Georgia,Appling,3162 Johnson Drive,6,0,0.0,2016-04-22
307,4/21/16,Maryland,Baltimore,4800 block of Frankford Avenue,0,4,0.0,2016-04-21
308,4/19/16,Alabama,Blountsville,81551 Us Highway 278,1,4,0.0,2016-04-19
309,4/19/16,Illinois,Chicago,2700 block of West 53rd Street,1,3,0.0,2016-04-19
310,4/19/16,Illinois,Chicago,1400 block of West 84th Street,1,4,0.0,2016-04-19
311,4/18/16,California,Long Beach,1200 block of E. 17th Street,1,3,0.0,2016-04-18
312,4/17/16,Pennsylvania,Philadelphia,600 block of Westmoreland Street,3,1,0.0,2016-04-17
313,4/17/16,South Carolina,Pelzer,200 block of Eastview Road,1,3,0.0,2016-04-17
314,4/17/16,Texas,Edinburg,5021 W St Hwy 107,1,6,0.0,2016-04-17
315,4/16/16,Michigan,Detroit,9500 block of Oakland,1,4,0.0,2016-04-16
316,4/16/16,Florida,Orlando,1100 block of Conley Street,2,4,0.0,2016-04-16
317,4/16/16,Alabama,Enterprise,Baxter Street,0,4,0.0,2016-04-16
318,4/10/16,Wisconsin,Milwaukee,76th and Sheridan,1,3,0.0,2016-04-10
319,4/10/16,California,Los Angeles,84th Street and Towne Avenue,0,4,0.0,2016-04-10
320,4/9/16,Tennessee,Memphis,Mt Moriah Road and Ridgeway Road,0,4,0.0,2016-04-09
321,4/9/16,Alabama,Anniston,West 15th Street and Crawford Avenue,0,4,0.0,2016-04-09
322,4/9/16,New Mexico,Albuquerque,2600 block of Mesa Drive SE,0,4,0.0,2016-04-09
323,4/7/16,Illinois,Chicago,2200 block of East 70th Place,0,4,0.0,2016-04-07
324,3/31/16,Illinois,Chicago (Englewood),6800 block of South Throop,0,4,0.0,2016-03-31
325,3/25/16,Illinois,Chicago,4500 block of West West End Avenue,0,4,0.0,2016-03-25
326,3/25/16,Colorado,Denver,8501 E. Alameda Avenue,0,4,0.0,2016-03-25
327,3/21/16,Illinois,Chicago,5700 block of West Washington Boulevard,0,4,0.0,2016-03-21
328,3/19/16,Florida,Plantation,12050 NW 4th Court,1,4,0.0,2016-03-19
329,3/19/16,Alabama,Wetumpka,South Shelby Street,2,2,0.0,2016-03-19
330,3/15/16,Georgia,Atlanta,Donald Lee Hollowell Drive,0,5,0.0,2016-03-15
331,3/13/16,Florida,Fort Myers,50 South Road,0,4,0.0,2016-03-13
332,3/12/16,Oregon,Portland,16126 S.E. Stark St.,0,4,0.0,2016-03-12
333,3/12/16,California,Oakland,Interstate 880,0,4,0.0,2016-03-12
334,3/11/16,Michigan,Detroit,2600 block of Hazelwood,2,2,0.0,2016-03-11
335,3/11/16,New Jersey,Trenton,Oliver Avenue,0,5,0.0,2016-03-11
336,3/9/16,Pennsylvania,Pittsburgh,1304 Franklin Ave,5,3,0.0,2016-03-09
337,3/8/16,Texas,San Antonio,Sherman St,2,3,0.0,2016-03-08
338,3/7/16,Louisiana,Lafayette,800 block of Martin Luther King Jr. Drive,0,4,0.0,2016-03-07
339,3/7/16,Kansas,Kansas City,3000 block of South 36th Street,5,0,0.0,2016-03-07
340,3/6/16,Massachusetts,Chelsea,120 Washington Avenue,1,6,0.0,2016-03-06
341,3/6/16,Georgia,Roswell,890 Atlanta St,0,4,0.0,2016-03-06
342,3/6/16,California,Compton,900 block of West Victoria Street,1,8,0.0,2016-03-06
343,3/5/16,Kansas,Wichita,116 North Mead,0,4,0.0,2016-03-05
344,3/4/16,Ohio,Columbus,900 E 5th Ave,1,3,0.0,2016-03-04
345,2/28/16,Michigan,Detroit,8800 block of Livernois,0,5,0.0,2016-02-28
346,2/28/16,California,Riverside (Jurupa Valley),5500 block of Etiwanda Avenue,1,3,0.0,2016-02-28
347,2/27/16,Virginia,Woodbridge (Lake Ridge),13051 Lashmere Ct,2,2,0.0,2016-02-27
348,2/26/16,Washington,Belfair,300 block of Horseshoe Rd.,5,0,0.0,2016-02-26
349,2/25/16,Kansas,Hesston,200 S Ridge Rd,4,14,0.0,2016-02-25
350,2/23/16,Arizona,Glendale,4812 West Sunnyside Ave,5,0,0.0,2016-02-23
351,2/23/16,Florida,Daytona Beach,1042 Sheridan Road,0,4,0.0,2016-02-23
352,2/21/16,Missouri,Hazelwood,Interstate Highway 270 and North Lindbergh Boulevard,1,3,0.0,2016-02-21
353,2/21/16,Texas,Houston,5100 block of Idaho Street,0,5,0.0,2016-02-21
354,2/20/16,Florida,Tampa,2810 E. Bearss Ave,1,3,0.0,2016-02-20
355,2/20/16,Michigan,Kalamazoo,5581 Cracker Barrel Blvd,6,2,0.0,2016-02-20
356,2/20/16,Mississippi,Iuka,231 Co Rd 201,2,3,0.0,2016-02-20
357,2/20/16,Alabama,Bessemer,200 block of Elm Street,1,3,0.0,2016-02-20
358,2/20/16,Florida,Orlando,446 S Parramore Ave,0,4,0.0,2016-02-20
359,2/19/16,Missouri,Edgerton,4100 block of Buena Vista Road,4,0,0.0,2016-02-19
360,2/19/16,California,Vallejo,509 Porter Street,1,3,0.0,2016-02-19
361,2/14/16,Texas,Houston,8449 Gulf Freeway,1,3,0.0,2016-02-14
362,2/14/16,Alabama,Eutaw (Union),Earnest Friday Road,0,5,0.0,2016-02-14
363,2/13/16,Louisiana,Marrero,5425 Lapalco Boulevard,0,4,0.0,2016-02-13
364,2/7/16,Mississippi,Pass Christian,Davis Avenue,2,4,0.0,2016-02-07
365,2/7/16,Florida,Orlando,7432 Universal Blvd,2,10,0.0,2016-02-07
366,2/7/16,New York,Rochester,547 State St,1,7,0.0,2016-02-07
367,2/7/16,Illinois,Chicago (Englewood),6500 block of South Green Street,0,4,0.0,2016-02-07
368,2/6/16,California,Los Angeles,12800 block of Cook Street,1,3,0.0,2016-02-06
369,2/6/16,Florida,Apopka,10th Street,0,4,0.0,2016-02-06
370,2/6/16,Florida,Tampa,8123 N Nebraska Ave,2,6,0.0,2016-02-06
371,2/3/16,District of Columbia,Washington,1500 block of Butler St. SE,0,4,0.0,2016-02-03
372,1/30/16,Arizona,Glendale,67th and Missouri Avenue,3,5,0.0,2016-01-30
373,1/27/16,Virginia,Chesapeake,1401 N. George Washington Hwy,6,0,0.0,2016-01-27
374,1/26/16,Washington,Seattle,Airport Way S. and S. Atlantic St.,2,3,0.0,2016-01-26
375,1/25/16,California,Perris,140 S. D Street,1,4,0.0,2016-01-25
376,1/23/16,California,Los Angeles,8105 Avalon Blvd,2,2,0.0,2016-01-23
377,1/17/16,Virginia,Ware Neck (Gloucester Courthouse),Ditchley Road and Gill Lane,1,3,0.0,2016-01-17
378,1/11/16,Delaware,Wilmington,900 block of Brown Street,1,4,0.0,2016-01-11
379,1/8/16,District of Columbia,Washington,1700 East Capitol Street Northeast,0,4,0.0,2016-01-08
380,1/8/16,Illinois,Chicago,1500 block of South Kedzie,1,4,0.0,2016-01-08
381,1/7/16,Tennessee,Memphis,3800 block of Kerwood Avenue,1,3,0.0,2016-01-07
382,1/6/16,Florida,Lakeland,2312 East Magnolia Street,3,1,0.0,2016-01-06
0,12/31/17,Colorado,Littleton (Highlands Ranch),3404 E County Line Rd,2,6,0.0,2017-12-31
1,12/31/17,New Jersey,Long Branch,635 Wall St,4,0,0.0,2017-12-31
2,12/31/17,Illinois,Chicago,2335 Howard St,0,4,0.0,2017-12-31
3,12/27/17,Nevada,Las Vegas,3750 E Bonanza Rd,2,2,0.0,2017-12-27
4,12/26/17,Florida,Miami,NW 18th Ave and 86th Ter,0,5,0.0,2017-12-26
5,12/24/17,Mississippi,Vicksburg,1111 Mulberry Street,0,5,0.0,2017-12-24
6,12/24/17,Alabama,Troy,100 block of Chapman St,1,4,0.0,2017-12-24
7,12/23/17,Louisiana,Eunice,100 block of City Avenue,1,3,0.0,2017-12-23
8,12/23/17,Alabama,Birmingham,3rd Ave N and 9th St N,0,4,0.0,2017-12-23
9,12/21/17,Louisiana,Lafayette,1500 block of N University Avenue,0,4,0.0,2017-12-21
10,12/21/17,Pennsylvania,Philadelphia,6600 block of Dorel St,1,3,0.0,2017-12-21
11,12/16/17,Mississippi,Mc Cool (Mccool),Ferguson Rd,0,4,0.0,2017-12-16
12,12/15/17,California,Pacoima,13041 Jouett Street,0,5,0.0,2017-12-15
13,12/13/17,Ohio,Columbus,200 block of E Barthman Ave,1,3,0.0,2017-12-13
14,12/12/17,Kentucky,Louisville,17th and Gallagher Streets,0,4,0.0,2017-12-12
15,12/12/17,Texas,Garland,1301 Rivercrest Ln,0,4,0.0,2017-12-12
16,12/6/17,Illinois,Chicago,4620 N Broadway,0,4,0.0,2017-12-06
17,12/4/17,Pennsylvania,Pittsburgh,7200 block of Everton St,2,2,0.0,2017-12-04
18,12/3/17,Tennessee,Memphis,656 Marshall Ave,1,3,0.0,2017-12-03
19,12/2/17,Michigan,Detroit,5200 Woodward Avenue,0,4,0.0,2017-12-02
20,11/30/17,Michigan,Detroit,11000 block of Gunston,1,4,0.0,2017-11-30
21,11/24/17,Ohio,Cleveland,11618 Buckeye Rd,1,5,0.0,2017-11-24
22,11/24/17,Mississippi,Brookhaven,119 Martin Street,1,6,0.0,2017-11-24
23,11/18/17,Minnesota,Minneapolis,3600 block of Emerson Avenue North,0,4,0.0,2017-11-18
24,11/17/17,Louisiana,New Iberia,900 Block of Mississippi St,0,4,0.0,2017-11-17
25,11/16/17,Georgia,Columbus,1400 block of 15th Street,0,7,0.0,2017-11-16
26,11/14/17,California,Corning,17357 Stagecoach Rd,6,12,0.0,2017-11-14
27,11/14/17,California,Richmond,900 Block of View Dr,2,2,0.0,2017-11-14
28,11/12/17,Indiana,Gary,4601 Melton Rd,0,7,0.0,2017-11-12
29,11/12/17,California,Fresno,S Calvin Ave,0,5,0.0,2017-11-12
30,11/12/17,Georgia,Atlanta,50 Lower Alabama St,2,2,0.0,2017-11-12
31,11/11/17,Texas,Dallas,2532 Martin Luther King Jr Blvd,1,3,0.0,2017-11-11
32,11/11/17,Louisiana,New Orleans,Forstall Street and Burgundy Street,1,5,0.0,2017-11-11
33,11/11/17,North Carolina,Fayetteville,2835 Bragg Blvd,1,5,0.0,2017-11-11
34,11/10/17,Ohio,Dayton (Trotwood),193 Olive Rd,0,4,0.0,2017-11-10
35,11/9/17,Pennsylvania,Philadelphia,1800 block of Ringgold,0,4,0.0,2017-11-09
36,11/5/17,Texas,Sutherland Springs,216 4th St,27,20,0.0,2017-11-05
37,11/4/17,Texas,Austin,N Lamar Blvd and Masterson Pass,0,4,0.0,2017-11-04
38,11/4/17,Ohio,Youngstown,2810 Market St,0,4,0.0,2017-11-04
39,11/4/17,California,Santa Monica,1515 Ocean Avenue,1,3,0.0,2017-11-04
40,11/3/17,Minnesota,Minneapolis,10th Ave S and E 24th St,0,4,0.0,2017-11-03
41,11/3/17,California,Gardena,E 163rd St and S Main St,0,4,0.0,2017-11-03
42,11/3/17,New York,Buffalo,147 Roosevelt Ave,0,4,0.0,2017-11-03
43,11/3/17,Louisiana,Lacombe,27600 block of Mirmar Street,1,4,0.0,2017-11-03
44,10/31/17,Indiana,Hammond,500 block of Pointe Dr,1,3,0.0,2017-10-31
45,10/29/17,Texas,Austin,5500 block of Ave F,1,3,0.0,2017-10-29
46,10/28/17,Ohio,Toledo,1327 N Huron St,0,4,0.0,2017-10-28
47,10/28/17,Virginia,Petersburg,N Sycamore St and Franklin,1,3,0.0,2017-10-28
48,10/27/17,Kentucky,Louisville,1716 Prentice St,0,6,0.0,2017-10-27
49,10/27/17,California,San Francisco,1100 block of Fillmore,0,4,0.0,2017-10-27
50,10/23/17,California,Clearlake Oaks,13000 block of Anchor Village,2,2,0.0,2017-10-23
51,10/22/17,Connecticut,Hartford,Wethersfield Avenue and Elliott Street,0,4,0.0,2017-10-22
52,10/22/17,Alabama,Lanett,1606 19th St Sw,2,7,0.0,2017-10-22
53,10/21/17,Florida,Jacksonville,164 E Eubanks St,0,4,0.0,2017-10-21
54,10/21/17,Tennessee,Nashville,1277 12th Ave S,0,4,0.0,2017-10-21
55,10/21/17,Pennsylvania,Chester,1200 block of W Carlas Ln,0,4,0.0,2017-10-21
56,10/21/17,Florida,Tampa,400 Block of E Nordica St,0,4,0.0,2017-10-21
57,10/18/17,Maryland,Edgewood,2111 Emmorton Park Rd,3,3,0.0,2017-10-18
58,10/17/17,New York,Brooklyn,181 Martense St,0,4,0.0,2017-10-17
59,10/16/17,Mississippi,Meridian,5th Street,1,3,0.0,2017-10-16
60,10/15/17,Texas,Houston,6233 Gulfton St,2,2,0.0,2017-10-15
61,10/15/17,Arizona,Phoenix,107th Ave and Camelback Rd,1,3,0.0,2017-10-15
62,10/12/17,California,Aliso Viejo,6 Asbury Ct,2,2,0.0,2017-10-12
63,10/11/17,Ohio,Pedro,15497 SR 93,4,0,0.0,2017-10-11
64,10/10/17,California,San Francisco,25th St and Treat Ave,0,4,0.0,2017-10-10
65,10/9/17,Texas,Houston,3352 Old Spanish Trail,0,5,0.0,2017-10-09
66,10/7/17,Arizona,Phoenix,87th Ave and Thomas Rd,0,4,0.0,2017-10-07
67,10/6/17,Illinois,Chicago,8000 block of S Marshfield,0,5,0.0,2017-10-06
68,10/5/17,Arizona,Casa Grande,400 block of W 13th Street,4,0,0.0,2017-10-05
69,10/3/17,Florida,Miami,2051 NW 65th St,0,4,0.0,2017-10-03
70,10/1/17,Kansas,Lawrence,1000 block of Massachusetts St,3,2,0.0,2017-10-01
71,10/1/17,Nevada,Las Vegas,3950 Las Vegas Blvd S,59,441,0.0,2017-10-01
72,9/30/17,Tennessee,Memphis,800 block of Kerr Avenue,1,3,0.0,2017-09-30
73,9/28/17,Louisiana,New Orleans,2001 N Rocheblave St,1,3,0.0,2017-09-28
74,9/26/17,Tennessee,Memphis,2531 Chelsea Ave,0,4,0.0,2017-09-26
75,9/26/17,Maryland,Baltimore,3200 block of Lyndale Ave,2,2,0.0,2017-09-26
76,9/26/17,Pennsylvania,Philadelphia,100 block of Pastorius St,1,3,0.0,2017-09-26
77,9/24/17,Maryland,Baltimore,500 block of E. Patapsco Avenue,0,4,0.0,2017-09-24
78,9/24/17,New Jersey,Mays Landing,6000 block of Hoover Dr,1,3,0.0,2017-09-24
79,9/24/17,Tennessee,Antioch,3890 Pin Hook Rd,1,8,0.0,2017-09-24
80,9/24/17,New York,Syracuse,1226 E Fayette St,0,4,0.0,2017-09-24
81,9/23/17,California,Bakersfield,818 Real Rd,1,4,0.0,2017-09-23
82,9/23/17,Illinois,Danville,Seminary St and Jackson St,0,5,0.0,2017-09-23
83,9/23/17,Connecticut,Hartford,1164 Albany Ave,2,2,0.0,2017-09-23
84,9/20/17,Indiana,Gary,4300 block of 23rd Ct,0,5,0.0,2017-09-20
85,9/17/17,Michigan,Detroit,5000 block of Stanton Street,1,3,0.0,2017-09-17
86,9/17/17,Virginia,Petersburg,300 Mistletoe St,1,4,0.0,2017-09-17
87,9/16/17,South Carolina,Columbia,920 Lady Street,0,8,0.0,2017-09-16
88,9/13/17,Washington,Rockford,14626 S Jackson Rd,1,3,0.0,2017-09-13
89,9/13/17,Pennsylvania,York,400 block of S Duke St,0,4,0.0,2017-09-13
90,9/13/17,Pennsylvania,Philadelphia,3100 block of N 2nd St,0,4,0.0,2017-09-13
91,9/13/17,Tennessee,Memphis,1000 block of Morehead St,1,5,0.0,2017-09-13
92,9/10/17,Louisiana,New Orleans,2101 N Claiborne Ave,1,3,0.0,2017-09-10
93,9/10/17,Texas,Plano,1712 West Spring Creek Parkway,9,1,0.0,2017-09-10
94,9/9/17,Alabama,Selma,Kings Bend Road,0,4,0.0,2017-09-09
95,9/6/17,Illinois,Chicago,2700 block of Madison,0,4,0.0,2017-09-06
96,9/4/17,Illinois,Bellwood,1000 block of Bellwood Ave,0,4,0.0,2017-09-04
97,9/3/17,California,Inglewood,10100 block of S Firmona Ave,2,3,0.0,2017-09-03
98,9/2/17,Kentucky,Louisville,8008 Watterson Trail,0,4,0.0,2017-09-02
99,9/2/17,Illinois,Chicago,8300 block of S Hermitage,1,3,0.0,2017-09-02
100,8/28/17,New Mexico,Clovis,701 N Main St,2,4,0.0,2017-08-28
101,8/27/17,California,Sacramento,7760 24th St,1,4,0.0,2017-08-27
102,8/27/17,Indiana,Evansville,1127 Chestnut St,1,3,0.0,2017-08-27
103,8/25/17,Florida,Gainesville,1600 NE 8th Ave,0,4,0.0,2017-08-25
104,8/24/17,Missouri,Saint Louis,10400 block of Balmoral Dr,4,0,0.0,2017-08-24
105,8/22/17,Illinois,Chicago,300 block of N Central Ave,0,4,0.0,2017-08-22
106,8/21/17,North Carolina,Whitakers,980 Fishing Creek Rd,4,0,0.0,2017-08-21
107,8/21/17,New Jersey,Newark,Fabyan Place,0,4,0.0,2017-08-21
108,8/21/17,New Jersey,Newark,700 block of S 19th St,1,3,0.0,2017-08-21
109,8/21/17,Maryland,Baltimore,Cottage Avenue and Park Heights Avenue,1,3,0.0,2017-08-21
110,8/21/17,Tennessee,Memphis,262 Decatur St,0,4,0.0,2017-08-21
111,8/20/17,Illinois,Chicago,11901 S Loomis St,2,5,0.0,2017-08-20
112,8/20/17,New York,Brooklyn,100th St and Ave M,0,4,0.0,2017-08-20
113,8/19/17,Ohio,Cleveland,11143 Superior Ave,1,4,0.0,2017-08-19
114,8/16/17,New York,Wyandanch,Merritt Ave and 15th St,0,4,0.0,2017-08-16
115,8/14/17,California,North Hollywood,Morrison St and Klump Ave,2,2,0.0,2017-08-14
116,8/13/17,California,Sacramento,4000 Block of Martin Luther King Jr Blvd,0,4,0.0,2017-08-13
117,8/13/17,Virginia,Suffolk,8700 block of Quay Rd,0,4,0.0,2017-08-13
118,8/13/17,Pennsylvania,Philadelphia,39th St and Melon St,0,5,0.0,2017-08-13
119,8/12/17,Missouri,Saint Louis,12310 Bellefontaine Rd,1,3,0.0,2017-08-12
120,8/8/17,Illinois,Chicago,1 block of East 37th Street,1,6,0.0,2017-08-08
121,8/6/17,New York,Bronx,Wickham Ave,0,6,0.0,2017-08-06
122,8/6/17,New York,Bronx,Unionport Rd,0,4,0.0,2017-08-06
123,8/6/17,California,Oakland,1000 block of 106th Avenue,0,7,0.0,2017-08-06
124,8/5/17,New Jersey,Lakewood,900 block of Brook Road,0,4,0.0,2017-08-05
125,8/5/17,South Carolina,Allendale,300 block of Ellis St,1,3,0.0,2017-08-05
126,8/5/17,Florida,Tallahassee,1939 W Tennessee St,1,3,0.0,2017-08-05
127,8/4/17,Montana,Lodge Grass,200 block of North Helen Street,3,2,0.0,2017-08-04
128,8/3/17,District of Columbia,Washington,3426 18th St NE,1,3,0.0,2017-08-03
129,8/2/17,Maryland,Baltimore,900 block of N Broadway,0,4,0.0,2017-08-02
130,8/1/17,Washington,Toppenish,8000 Block of Lateral C Rd,0,6,0.0,2017-08-01
131,8/1/17,California,Fresno,Mariposa St and A St,0,7,0.0,2017-08-01
132,8/1/17,Illinois,Chicago,800 block of N Monticello Ave,0,4,0.0,2017-08-01
133,7/31/17,Illinois,Decatur,Jasper St and Main St,0,4,0.0,2017-07-31
134,7/30/17,Virginia,Norfolk,1500 block of Azalea Garden Rd,1,5,0.0,2017-07-30
135,7/30/17,Texas,El Paso,1810 George Dieter Dr,1,3,0.0,2017-07-30
136,7/29/17,New York,Buffalo,200 block of Carl St,1,4,0.0,2017-07-29
137,7/29/17,North Carolina,Salisbury,115 W Fisher St,2,3,0.0,2017-07-29
138,7/28/17,Delaware,Wilmington,400 block of N Washington St,0,4,0.0,2017-07-28
139,7/27/17,Illinois,Chicago,2000 block of E 71st St,1,4,0.0,2017-07-27
140,7/26/17,North Carolina,High Point,2111 E. Green Drive,1,6,0.0,2017-07-26
141,7/25/17,Florida,Jacksonville,1040 Golfair Boulevard,1,3,0.0,2017-07-25
142,7/23/17,Illinois,Chicago,1500 block of East 82nd St,1,3,0.0,2017-07-23
143,7/23/17,Louisiana,Baton Rouge,10360 Ave H,0,4,0.0,2017-07-23
144,7/22/17,Ohio,Cincinnati,130 E Clifton Ave,0,5,0.0,2017-07-22
145,7/19/17,Virginia,Richmond,2300 block of Bethel St,0,5,0.0,2017-07-19
146,7/19/17,California,Los Angeles,Imperial Hwy and Broadway,1,3,0.0,2017-07-19
147,7/18/17,New Jersey,Trenton,Hewitt St and Division St,1,3,0.0,2017-07-18
148,7/18/17,Wisconsin,Milwaukee,3000 Block of N 39th St,0,4,0.0,2017-07-18
149,7/18/17,Arizona,El Mirage,NW Grand Ave and W Thunderbird Rd,0,4,0.0,2017-07-18
150,7/15/17,Pennsylvania,Philadelphia,21st and Fitzwater,1,3,0.0,2017-07-15
151,7/15/17,Illinois,Chicago,12200 block of S Throop St,0,4,0.0,2017-07-15
152,7/9/17,Virginia,Lawrenceville,500 block Sturgeon Rd,0,7,0.0,2017-07-09
153,7/8/17,Illinois,Alton,700 block of Oakwood,0,4,0.0,2017-07-08
154,7/8/17,Ohio,Cincinnati,9917 Capstan Dr,1,8,0.0,2017-07-08
155,7/6/17,Mississippi,Meridian,Eighth Ave,0,4,0.0,2017-07-06
156,7/5/17,Georgia,Savannah,Jefferson Street and West St. Julian Street,0,4,0.0,2017-07-05
157,7/5/17,Illinois,Chicago (Roseland),11000 block of S Eberhart,2,2,0.0,2017-07-05
158,7/5/17,Maine,Madison,300 block of Russell Rd,4,1,0.0,2017-07-05
159,7/4/17,Florida,Orlando (Pine Castle),501 W Lancaster Rd,0,4,0.0,2017-07-04
160,7/4/17,Virginia,Hampton,500 block of Patterson Ave,1,4,0.0,2017-07-04
161,7/4/17,North Carolina,Raleigh,105 E South St,1,3,0.0,2017-07-04
162,7/3/17,Alabama,Prattville,112 US 82,3,1,0.0,2017-07-03
163,7/3/17,Michigan,Pontiac,50 block of Thorpe St,1,3,0.0,2017-07-03
164,7/2/17,New Jersey,Jersey City,Wilkinson Avenue,0,4,0.0,2017-07-02
165,7/2/17,South Carolina,Greenwood,SC 72 Bypass,0,4,0.0,2017-07-02
166,7/1/17,Illinois,Momence,2727 S 13000 Rd E,0,4,0.0,2017-07-01
167,7/1/17,New Jersey,Newark,Lincoln Park and Pennsylvania Avenue,2,2,0.0,2017-07-01
168,7/1/17,California,Oakland,3200 Humboldt Ave,0,4,0.0,2017-07-01
169,7/1/17,Arkansas,Little Rock,220 W 6th St,0,25,0.0,2017-07-01
170,6/30/17,New York,Bronx,1650 Grand Concourse,2,6,0.0,2017-06-30
171,6/27/17,Illinois,Chicago,200 block of S Lotus,0,5,0.0,2017-06-27
172,6/25/17,District of Columbia,Washington,5900 block of Southern Ave SE,0,4,0.0,2017-06-25
173,6/25/17,Missouri,Saint Louis,5000 block of Thekla Ave,1,3,0.0,2017-06-25
174,6/24/17,Florida,Fort Lauderdale,2335 NW 16th Ct,1,4,0.0,2017-06-24
175,6/24/17,New York,New York (Manhattan),114th St and Manhattan Ave,0,5,0.0,2017-06-24
176,6/24/17,New Jersey,Willingboro,Pastoral Lane,0,4,0.0,2017-06-24
177,6/22/17,Georgia,Atlanta,1100 block of Osborne Street,1,6,0.0,2017-06-22
178,6/18/17,Missouri,Saint Louis,1900 block of N 14th St,3,2,0.0,2017-06-18
179,6/18/17,District of Columbia,Washington,3100 block of Buena Vista Terrace SE,0,4,0.0,2017-06-18
180,6/18/17,Illinois,Chicago,3300 block of W Crystal St,0,4,0.0,2017-06-18
181,6/18/17,South Carolina,Myrtle Beach,311 N Ocean Blvd,0,7,0.0,2017-06-18
182,6/17/17,Ohio,Columbus,6252 Busch Blvd,1,4,0.0,2017-06-17
183,6/17/17,Illinois,Chicago,1 block of North Latrobe,0,4,0.0,2017-06-17
184,6/15/17,Virginia,Richmond,4053 Old Brook Road,1,3,0.0,2017-06-15
185,6/15/17,New Mexico,La Madera,491 NM 111,5,0,0.0,2017-06-15
186,6/14/17,Ohio,Canton,14th St. NE and Gibbs Ave. NE,0,4,0.0,2017-06-14
187,6/14/17,Virginia,Alexandria,420 E Monroe Ave,1,5,0.0,2017-06-14
188,6/14/17,California,San Francisco,720 San Bruno,4,2,0.0,2017-06-14
189,6/13/17,Maryland,Baltimore,3300 block of Ayrdale Avenue,0,4,0.0,2017-06-13
190,6/13/17,Maryland,Baltimore,1200 block of Bonaparte Avenue,2,2,0.0,2017-06-13
191,6/13/17,Missouri,Saint Louis (University City),Ferguson Ave and Plymouth Ave,0,4,0.0,2017-06-13
192,6/11/17,Illinois,Chicago,3300 block of W Douglas Blvd,0,9,0.0,2017-06-11
193,6/11/17,Tennessee,Chattanooga,4272 Bonny Oaks Drive,0,4,0.0,2017-06-11
194,6/11/17,Texas,Houston,505 Cypress Station Dr,0,4,0.0,2017-06-11
195,6/10/17,Tennessee,Memphis,571 East Street,0,4,0.0,2017-06-10
196,6/9/17,Texas,Fort Worth,East Davis Avenue and New York Avenue,2,5,0.0,2017-06-09
197,6/8/17,Louisiana,New Orleans,3650 Franklin Ave,0,6,0.0,2017-06-08
198,6/6/17,Utah,Sandy,2232 Alta Canyon Drive,3,2,0.0,2017-06-06
199,6/5/17,Florida,Orlando,2427 Forsyth Rd,6,0,0.0,2017-06-05
200,6/3/17,Missouri,Saint Louis,1600 Block of Union Blvd,2,2,0.0,2017-06-03
201,6/3/17,Louisiana,New Orleans,3717 Tulane Ave,3,2,0.0,2017-06-03
202,6/2/17,Texas,Laredo,5301 McPherson Rd,2,3,0.0,2017-06-02
203,6/2/17,California,Los Angeles,89th St and Broadway,1,3,0.0,2017-06-02
204,6/1/17,Missouri,Saint Louis,Beacon Ave and Lillian Ave,3,1,0.0,2017-06-01
205,5/30/17,Ohio,Middletown,1200 Elliott Dr,1,3,0.0,2017-05-30
206,5/29/17,Kentucky,Louisville,231 Witherspoon St,1,3,0.0,2017-05-29
207,5/28/17,Alabama,Phenix City,100 block of 6th Street South,0,12,0.0,2017-05-28
208,5/28/17,New Jersey,Paterson,86 Main Street,1,5,0.0,2017-05-28
209,5/28/17,Mississippi,Moss Point,6103 Hwy. 63,0,5,0.0,2017-05-28
210,5/27/17,New York,New York (Manhattan),318 W 14th St,0,4,0.0,2017-05-27
211,5/27/17,District of Columbia,Washington,100 block of Q Street Northwest,1,7,0.0,2017-05-27
212,5/27/17,Mississippi,Bogue Chitto,2871 Lee Drive,8,1,0.0,2017-05-27
213,5/26/17,Florida,Miami,2730 NW 167th St,0,4,0.0,2017-05-26
214,5/21/17,Iowa,Des Moines,4300 Beaver Dr,1,3,0.0,2017-05-21
215,5/21/17,Arizona,Mesa,441 N Val Vista Dr,0,4,0.0,2017-05-21
216,5/20/17,Pennsylvania,Philadelphia,2100 block of W Huntingdon St,0,10,0.0,2017-05-20
217,5/16/17,South Carolina,Ruffin,21785 Lowcountry Hwy,3,1,0.0,2017-05-16
218,5/14/17,Arkansas,Jonesboro,311 S Main St,1,6,0.0,2017-05-14
219,5/14/17,Illinois,Dolton,14112 Chicago Road,0,5,0.0,2017-05-14
220,5/14/17,Florida,Avon Park,Hal McRae Blvd and Delaney Ave,0,5,0.0,2017-05-14
221,5/14/17,Texas,Fort Worth,8600 block of Calmont Ave,0,4,0.0,2017-05-14
222,5/10/17,New Jersey,Trenton,300 block of Centre St,1,3,0.0,2017-05-10
223,5/9/17,Kansas,Kansas City,1900 block of S. Boeke,3,1,0.0,2017-05-09
224,5/7/17,Illinois,Chicago,2600 block of 46th Pl,2,8,0.0,2017-05-07
225,5/4/17,Michigan,Flint,600 block of Copeman Boulevard,1,3,0.0,2017-05-04
226,5/2/17,Florida,Jacksonville,1566 West 24th Street,1,3,0.0,2017-05-02
227,5/1/17,Texas,Dallas,3200 block of Reynolds Ave,2,3,0.0,2017-05-01
228,4/30/17,California,San Diego,9080 Judicial Dr,2,6,0.0,2017-04-30
229,4/30/17,Kansas,Topeka,4104 SW 28th,4,1,0.0,2017-04-30
230,4/30/17,Florida,Jacksonville,1200 Ken Knight Dr N,0,5,0.0,2017-04-30
231,4/30/17,South Carolina,Loris,268 N Sea Green Rd,1,5,0.0,2017-04-30
232,4/29/17,Maryland,Germantown,12800 block of Kitchen House Way,1,3,0.0,2017-04-29
233,4/29/17,California,Los Angeles (Boyle Heights),Murchison St and Lancaster Ave,1,3,0.0,2017-04-29
234,4/29/17,California,Sacramento,3800 block of 26th Avenue,0,5,0.0,2017-04-29
235,4/29/17,California,Whittier,10000 block of Carmentia Rd,1,5,0.0,2017-04-29
236,4/29/17,California,Compton,2000 Block of N Nestor Ave,0,4,0.0,2017-04-29
237,4/29/17,Virginia,Virginia Beach,200 block of 18th St,0,4,0.0,2017-04-29
238,4/28/17,Pennsylvania,Chester,5 E 21st St,0,4,0.0,2017-04-28
239,4/27/17,New Jersey,Newark,1100 block of S Orange Ave,1,3,0.0,2017-04-27
240,4/26/17,Florida,Miami,SW 264th St and 139th Ave,0,4,0.0,2017-04-26
241,4/21/17,Florida,Palm Bay,2500 block of Vernon Dr,2,2,0.0,2017-04-21
242,4/20/17,Kentucky,Louisville,700 block of East Jacob Street,0,4,0.0,2017-04-20
243,4/16/17,California,Vallejo,110 Calhoun Street,0,4,0.0,2017-04-16
244,4/16/17,North Carolina,Elizabeth City,611 S Martin St,0,4,0.0,2017-04-16
245,4/16/17,Ohio,Columbus,1710 Cleveland Av,0,9,0.0,2017-04-16
246,4/15/17,Illinois,Rock Falls,311 W  2nd St,0,4,0.0,2017-04-15
247,4/15/17,Indiana,Indianapolis,300 block of S Meridian St,0,4,0.0,2017-04-15
248,4/15/17,Alabama,Birmingham,1480 Center Point Pkwy,0,6,0.0,2017-04-15
249,4/15/17,Pennsylvania,Philadelphia,5900 block of Hammond Street,0,4,0.0,2017-04-15
250,4/15/17,Illinois,Harvey,14600 block of Myrtle Avenue,0,4,0.0,2017-04-15
251,4/15/17,California,Banning,900 block of N Allen St,0,4,0.0,2017-04-15
252,4/13/17,Georgia,Atlanta,30 Anderson Ave SW,1,3,0.0,2017-04-13
253,4/9/17,Texas,San Antonio,3100 block of Fidelia Drive,1,3,0.0,2017-04-09
254,4/9/17,Indiana,Fort Wayne,9439 Lima Rd,1,3,0.0,2017-04-09
255,4/7/17,North Carolina,Hickory,1423 29th Ave Dr NE,3,1,0.0,2017-04-07
256,4/7/17,Texas,Houston,3829 Mount Pleasant St,5,0,0.0,2017-04-07
257,4/7/17,Minnesota,Saint Paul,1600 block of English St,4,1,0.0,2017-04-07
258,4/7/17,Illinois,Chicago,5600 block of W Lake St,1,5,0.0,2017-04-07
259,4/6/17,Louisiana,Lake Charles,2000 block of Tulip St,1,3,0.0,2017-04-06
260,4/3/17,Pennsylvania,Philadelphia,1100 block of W Stiles St,3,1,0.0,2017-04-03
261,4/3/17,Texas,Lubbock,5401 Ave Q,0,7,0.0,2017-04-03
262,4/2/17,Illinois,Chicago,3500 block of West Van Buren Street,2,4,0.0,2017-04-02
263,4/2/17,Iowa,Des Moines,2500 Martin Luther King Jr. Parkway,0,5,0.0,2017-04-02
264,4/1/17,California,Pittsburg,100 block of Madoline Street,0,5,0.0,2017-04-01
265,4/1/17,Florida,Tampa,219 S Howard Ave,1,4,0.0,2017-04-01
266,4/1/17,Oklahoma,Oklahoma City,1200 block of N Woodward Avenue,2,3,0.0,2017-04-01
267,3/30/17,Illinois,Chicago,2704 E 75th St,4,0,0.0,2017-03-30
268,3/27/17,Florida,Sanford,209 Hays Dr,2,4,0.0,2017-03-27
269,3/26/17,Texas,Houston,5619 Aldine Bender Rd,2,4,0.0,2017-03-26
270,3/26/17,Ohio,Cincinnati,4601 Kellogg Ave,2,15,0.0,2017-03-26
271,3/26/17,Ohio,Cleveland,E 75th St,2,2,0.0,2017-03-26
272,3/25/17,Michigan,Detroit,8443 Grand River Ave,1,3,0.0,2017-03-25
273,3/25/17,Tennessee,Knoxville,Minnesota Avenue,1,4,0.0,2017-03-25
274,3/25/17,Ohio,Cleveland,E 79th St and Woodland Ave,2,2,0.0,2017-03-25
275,3/24/17,California,Fresno,300 block of South Villa Avenue,1,4,0.0,2017-03-24
276,3/24/17,Missouri,Saint Louis,5100 block of Palm St,1,6,0.0,2017-03-24
277,3/22/17,Wisconsin,Rothschild,1133 E Grand Ave,5,0,0.0,2017-03-22
278,3/19/17,Kentucky,Louisville,1512 Portland Avenue,1,5,0.0,2017-03-19
279,3/18/17,Michigan,Detroit,16000 block of Rutherford,3,2,0.0,2017-03-18
280,3/15/17,Louisiana,Metairie,2508 Pasadena Ave,3,1,0.0,2017-03-15
281,3/10/17,Illinois,Chicago,123 E 51st St,2,2,0.0,2017-03-10
282,3/10/17,Louisiana,New Orleans (Gentilly),4200 block of Touro St,3,1,0.0,2017-03-10
283,3/7/17,Illinois,Chicago,West 76th Street and South May streets,0,4,0.0,2017-03-07
284,3/5/17,Georgia,Columbus,600 block of 32nd Street,0,4,0.0,2017-03-05
285,3/4/17,Kansas,Topeka,23rd and Bellview,1,4,0.0,2017-03-04
286,3/4/17,California,Sacramento,2500 block of 33rd St,0,4,0.0,2017-03-04
287,3/3/17,Pennsylvania,Philadelphia,7165 Germantown Ave,0,4,0.0,2017-03-03
288,3/3/17,California,Riverside,8300 block of Trey Ave,0,5,0.0,2017-03-03
289,2/28/17,Ohio,Cincinnati,1700 of Casey Drive,0,6,0.0,2017-02-28
290,2/27/17,Virginia,Newport News,11810 Fountain Way,0,4,0.0,2017-02-27
291,2/26/17,Indiana,Gary,1700 block of Grant St,1,4,0.0,2017-02-26
292,2/25/17,Ohio,Warren,1564 Niles Cortland Rd SE,2,3,0.0,2017-02-25
293,2/25/17,Florida,Jacksonville,3604 Moncrief Rd,1,4,0.0,2017-02-25
294,2/22/17,New York,Rochester,191 Genesee St,0,4,0.0,2017-02-22
295,2/21/17,Ohio,Cleveland,16700 Lorain Ave,0,4,0.0,2017-02-21
296,2/21/17,Mississippi,Toomsuba,Butts Road,4,0,0.0,2017-02-21
297,2/20/17,Ohio,Cleveland,1082 East 105th Street,0,5,0.0,2017-02-20
298,2/19/17,Virginia,Norfolk,Church Street and East Virginia Beach Blvd,1,3,0.0,2017-02-19
299,2/18/17,Pennsylvania,Philadelphia,1 block of N Conestoga,0,4,0.0,2017-02-18
300,2/18/17,Indiana,South Bend,1000 block of Yukon St,1,3,0.0,2017-02-18
301,2/15/17,California,Salinas,30 Soledad Street,0,4,0.0,2017-02-15
302,2/15/17,Illinois,Chicago,3949 South Albany Avenue,3,2,0.0,2017-02-15
303,2/12/17,Missouri,Caruthersville,908 Truman Blvd,1,6,0.0,2017-02-12
304,2/12/17,New York,Newburgh,253 South William Street,1,3,0.0,2017-02-12
305,2/12/17,Florida,Greenville,Church Ave and Obadiah St,0,5,0.0,2017-02-12
306,2/11/17,Tennessee,Savannah,Clifton Road and Midway Drive,0,4,0.0,2017-02-11
307,2/11/17,Illinois,Chicago,100 block of North Mayfield,1,3,0.0,2017-02-11
308,2/10/17,Louisiana,New Orleans,2nd St and Dryades St,1,5,0.0,2017-02-10
309,2/9/17,Mississippi,Jackson,3150 Robinson Road,4,0,0.0,2017-02-09
310,2/8/17,Ohio,Cleveland,16379 Euclid Ave,1,4,0.0,2017-02-08
311,2/7/17,South Carolina,Columbia,5500 block of Fairfield Road,0,4,0.0,2017-02-07
312,2/7/17,Arkansas,Little Rock,25 Par Drive,1,4,0.0,2017-02-07
313,2/6/17,Mississippi,Yazoo City,11th Street,4,0,0.0,2017-02-06
314,1/31/17,Tennessee,Memphis,1576 S White Station Rd,0,4,0.0,2017-01-31
315,1/31/17,District of Columbia,Washington,2900 block of Martin Luther King Jr Ave,0,4,0.0,2017-01-31
316,1/30/17,Minnesota,Minneapolis (Crystal),5410 Lakeland Ave N,0,4,0.0,2017-01-30
317,1/29/17,Louisiana,Shreveport,6363 Hearne Ave,1,4,0.0,2017-01-29
318,1/27/17,Tennessee,Brownsville,221 Morgan St,0,10,0.0,2017-01-27
319,1/26/17,Georgia,Albany,1510 Maryland Drive,2,3,0.0,2017-01-26
320,1/25/17,Illinois,Chicago,500 block of E 75th St,0,6,0.0,2017-01-25
321,1/22/17,Texas,Manvel,200 block of Oak Shore Dr,3,2,0.0,2017-01-22
322,1/22/17,Illinois,Chicago (Englewood),1800 block of W 63rd,0,4,0.0,2017-01-22
323,1/22/17,Georgia,Atlanta,2841 Greenbriar Pkwy SW,3,1,0.0,2017-01-22
324,1/21/17,Georgia,Jonesboro,6510 Tara Blvd,0,6,0.0,2017-01-21
325,1/21/17,Florida,Boynton Beach,500 NE 2nd St,0,5,0.0,2017-01-21
326,1/21/17,Tennessee,Memphis,500 block of Delta Road,2,2,0.0,2017-01-21
327,1/20/17,Mississippi,Como,Smart Road,1,4,0.0,2017-01-20
328,1/20/17,California,Fresno,4700 block of E Montecito Ave,0,4,0.0,2017-01-20
329,1/16/17,Texas,Houston,8535 Martin Luther King Boulevard,0,4,0.0,2017-01-16
330,1/16/17,Florida,Miami,6011 NW 32nd Ave,0,8,0.0,2017-01-16
331,1/15/17,Colorado,Capulin,County Road Y,3,1,0.0,2017-01-15
332,1/15/17,Mississippi,Magnolia,6000 block of Church Road,1,4,0.0,2017-01-15
333,1/12/17,Missouri,Kansas City,8607 E 61st Terrace,3,2,0.0,2017-01-12
334,1/12/17,California,Salinas,500 block of Sunrise St,2,2,0.0,2017-01-12
335,1/11/17,New Jersey,Newark,Hawkins Street and Christie Street,1,3,0.0,2017-01-11
336,1/11/17,Illinois,Chicago,4200 block of S Talman,1,3,0.0,2017-01-11
337,1/7/17,Michigan,Flint,2500 block of Churchill Ave,1,3,0.0,2017-01-07
338,1/6/17,California,Pasadena,100 block of W Claremont St,2,2,0.0,2017-01-06
339,1/6/17,Florida,Fort Lauderdale,100 Terminal Dr,5,6,0.0,2017-01-06
340,1/4/17,California,Fontana,14520 Village Drive,3,1,0.0,2017-01-04
341,1/3/17,Texas,Allen,500 block of Hawthorne Drive,0,4,0.0,2017-01-03
342,1/1/17,Mississippi,Winstonville,114 North Greyer Street,0,5,0.0,2017-01-01
343,1/1/17,Texas,Dallas,9220 Skillman Street,1,3,0.0,2017-01-01
344,1/1/17,Florida,Miami,8000 block of NW 14th Ave,0,7,0.0,2017-01-01
